imd_storm_id,serial,name,year,basin,start_time,end_time,duration_hours,n_obs,n_imd_obs,n_scorpio_obs,peak_wind_kt,min_pressure_hpa,peak_dvorak_ci,peak_grade,provenance
1982-001,1.0,,1982,BOB,1982-05-01 03:00:00,1982-05-05 03:00:00,96.0,20,20,0,115.0,,6.0,VSCS,RSMC_New_Delhi_Best_Track
1982-002,2.0,,1982,BOB,1982-05-31 12:00:00,1982-06-05 03:00:00,111.0,25,25,0,90.0,952.0,5.0,VSCS,RSMC_New_Delhi_Best_Track
1982-003,3.0,,1982,BOB,1982-07-18 03:00:00,1982-07-20 00:00:00,45.0,8,8,0,30.0,,2.0,DD,RSMC_New_Delhi_Best_Track
1982-004,4.0,,1982,BOB,1982-08-12 03:00:00,1982-08-12 18:00:00,15.0,3,3,0,25.0,,1.5,D,RSMC_New_Delhi_Best_Track
1982-005,5.0,,1982,BOB,1982-08-18 03:00:00,1982-08-19 12:00:00,33.0,4,4,0,25.0,,,D,RSMC_New_Delhi_Best_Track
1982-006,6.0,,1982,BOB,1982-08-27 03:00:00,1982-09-02 12:00:00,153.0,14,14,0,25.0,,1.5,D,RSMC_New_Delhi_Best_Track
1982-007,7.0,,1982,BOB,1982-09-09 03:00:00,1982-09-10 03:00:00,24.0,3,3,0,25.0,,1.5,D,RSMC_New_Delhi_Best_Track
1982-008,8.0,,1982,BOB,1982-09-29 00:00:00,1982-09-29 03:00:00,3.0,2,2,0,30.0,,2.0,DD,RSMC_New_Delhi_Best_Track
1982-009,9.0,,1982,BOB,1982-10-15 03:00:00,1982-10-16 18:00:00,39.0,7,7,0,55.0,,3.5,SCS,RSMC_New_Delhi_Best_Track
1982-010,10.0,,1982,BOB,1982-10-16 12:00:00,1982-10-21 12:00:00,120.0,15,15,0,55.0,982.0,3.5,SCS,RSMC_New_Delhi_Best_Track
1982-011,11.0,,1982,BOB,1982-11-28 03:00:00,1982-11-29 03:00:00,24.0,3,3,0,30.0,,2.0,DD,RSMC_New_Delhi_Best_Track
1982-012,12.0,,1982,BOB,1982-12-02 12:00:00,1982-12-04 00:00:00,36.0,4,4,0,25.0,,1.5,,RSMC_New_Delhi_Best_Track
1982-013,13.0,,1982,ARB,1982-07-15 03:00:00,1982-07-16 03:00:00,24.0,3,3,0,25.0,,1.5,D,RSMC_New_Delhi_Best_Track
1982-014,14.0,,1982,ARB,1982-10-01 03:00:00,1982-10-02 03:00:00,24.0,3,3,0,30.0,,2.0,DD,RSMC_New_Delhi_Best_Track
1982-015,15.0,,1982,ARB,1982-11-04 12:00:00,1982-11-09 12:00:00,120.0,14,14,0,90.0,962.0,5.0,ESCS,RSMC_New_Delhi_Best_Track
1982-016,16.0,,1982,ARB,1982-11-28 12:00:00,1982-11-29 06:00:00,18.0,3,3,0,30.0,,2.0,DD,RSMC_New_Delhi_Best_Track
1982-017,17.0,,1982,LAND,1982-06-17 03:00:00,1982-06-18 03:00:00,24.0,3,3,0,25.0,,,D,RSMC_New_Delhi_Best_Track
1982-018,18.0,,1982,LAND,1982-08-02 03:00:00,1982-08-04 03:00:00,48.0,5,5,0,25.0,,,D,RSMC_New_Delhi_Best_Track
1982-019,19.0,,1982,LAND,1982-08-25 03:00:00,1982-08-25 03:00:00,0.0,1,1,0,25.0,,,D,RSMC_New_Delhi_Best_Track
1983-001,1.0,,1983,ARB,1983-06-20 03:00:00,1983-06-22 12:00:00,57.0,6,6,0,25.0,,1.5,D,RSMC_New_Delhi_Best_Track
1983-002,2.0,,1983,BOB,1983-06-24 03:00:00,1983-06-27 12:00:00,81.0,10,10,0,30.0,,2.0,DD,RSMC_New_Delhi_Best_Track
1983-003,3.0,,1983,LAND,1983-08-04 00:00:00,1983-08-10 18:00:00,162.0,22,22,0,30.0,,,DD,RSMC_New_Delhi_Best_Track
1983-004,4.0,,1983,LAND,1983-09-09 00:00:00,1983-09-10 12:00:00,36.0,9,9,0,25.0,,,D,RSMC_New_Delhi_Best_Track
1983-005,5.0,HERBERT,1983,BOB,1983-10-14 03:00:00,1983-10-15 12:00:00,33.0,4,4,0,55.0,,4.0,CS,RSMC_New_Delhi_Best_Track
1983-006,6.0,,1983,BOB,1983-11-06 03:00:00,1983-11-09 03:00:00,72.0,7,7,0,90.0,,5.0,SCS,RSMC_New_Delhi_Best_Track
1983-007,7.0,,1983,LAND,1983-12-21 12:00:00,1983-12-22 12:00:00,24.0,3,3,0,25.0,,1.5,D,RSMC_New_Delhi_Best_Track
1984-001,1.0,,1984,ARB,1984-06-05 12:00:00,1984-06-06 12:00:00,24.0,3,3,0,25.0,,1.5,D,RSMC_New_Delhi_Best_Track
1984-002,2.0,,1984,BOB,1984-07-31 03:00:00,1984-08-07 18:00:00,183.0,18,18,0,25.0,,1.5,D,RSMC_New_Delhi_Best_Track
1984-003,3.0,,1984,BOB,1984-08-15 00:00:00,1984-08-19 12:00:00,108.0,11,11,0,25.0,,1.5,D,RSMC_New_Delhi_Best_Track
1984-004,4.0,,1984,BOB,1984-10-13 00:00:00,1984-10-15 12:00:00,60.0,7,7,0,65.0,,4.0,SCS,RSMC_New_Delhi_Best_Track
1984-005,5.0,,1984,BOB,1984-11-09 12:00:00,1984-11-14 12:00:00,120.0,14,14,0,115.0,,6.0,SCS,RSMC_New_Delhi_Best_Track
1984-006,6.0,,1984,BOB,1984-11-27 12:00:00,1984-12-02 03:00:00,111.0,11,11,0,115.0,,6.0,SCS,RSMC_New_Delhi_Best_Track
1984-007,7.0,,1984,ARB,1984-12-04 00:00:00,1984-12-05 12:00:00,36.0,6,6,0,30.0,,2.5,DD,RSMC_New_Delhi_Best_Track
1985-001,1.0,,1985,BOB,1985-05-21 21:00:00,1985-05-25 18:00:00,93.0,12,12,0,65.0,,4.0,VSCS,RSMC_New_Delhi_Best_Track
1985-002,2.0,,1985,ARB,1985-05-28 03:00:00,1985-05-30 12:00:00,57.0,6,6,0,45.0,,3.0,CS,RSMC_New_Delhi_Best_Track
1985-003,3.0,,1985,BOB,1985-08-01 03:00:00,1985-08-02 00:00:00,21.0,4,4,0,25.0,,1.5,D,RSMC_New_Delhi_Best_Track
1985-004,4.0,,1985,BOB,1985-08-06 03:00:00,1985-08-09 03:00:00,72.0,8,8,0,25.0,,1.5,D,RSMC_New_Delhi_Best_Track
1985-005,5.0,,1985,BOB,1985-08-14 03:00:00,1985-08-15 00:00:00,21.0,4,4,0,25.0,,1.5,D,RSMC_New_Delhi_Best_Track
1985-006,6.0,,1985,BOB,1985-09-19 03:00:00,1985-09-21 12:00:00,57.0,11,11,0,45.0,,3.0,CS,RSMC_New_Delhi_Best_Track
1985-007,7.0,,1985,BOB,1985-10-01 03:00:00,1985-10-02 03:00:00,24.0,3,3,0,25.0,,1.5,D,RSMC_New_Delhi_Best_Track
1985-008,8.0,,1985,ARB,1985-10-06 03:00:00,1985-10-09 03:00:00,72.0,7,7,0,25.0,,1.5,D,RSMC_New_Delhi_Best_Track
1985-009,9.0,,1985,BOB,1985-10-09 03:00:00,1985-10-13 12:00:00,105.0,9,9,0,45.0,,3.0,CS,RSMC_New_Delhi_Best_Track
1985-010,10.0,,1985,BOB,1985-10-13 12:00:00,1985-10-17 03:00:00,87.0,8,8,0,45.0,,3.0,SCS,RSMC_New_Delhi_Best_Track
1985-011,11.0,,1985,BOB,1985-11-12 03:00:00,1985-11-12 12:00:00,9.0,2,2,0,25.0,,1.5,D,RSMC_New_Delhi_Best_Track
1985-012,12.0,,1985,BOB,1985-11-15 03:00:00,1985-11-17 12:00:00,57.0,6,6,0,35.0,,2.5,CS,RSMC_New_Delhi_Best_Track
1985-013,13.0,,1985,BOB,1985-12-11 12:00:00,1985-12-14 03:00:00,63.0,6,6,0,35.0,,3.0,CS,RSMC_New_Delhi_Best_Track
1985-014,14.0,,1985,LAND,1985-08-05 03:00:00,1985-08-06 03:00:00,24.0,3,3,0,25.0,,,D,RSMC_New_Delhi_Best_Track
1985-015,15.0,,1985,LAND,1985-09-23 03:00:00,1985-09-24 12:00:00,33.0,4,4,0,25.0,,,D,RSMC_New_Delhi_Best_Track
1986-001,1.0,,1986,BOB,1986-01-07 12:00:00,1986-01-08 12:00:00,24.0,3,3,0,30.0,,2.0,DD,RSMC_New_Delhi_Best_Track
1986-002,2.0,,1986,LAND,1986-07-22 03:00:00,1986-07-23 03:00:00,24.0,3,3,0,25.0,,1.5,D,RSMC_New_Delhi_Best_Track
1986-003,3.0,,1986,LAND,1986-08-08 03:00:00,1986-08-10 12:00:00,57.0,7,7,0,,,,D,RSMC_New_Delhi_Best_Track
1986-004,4.0,,1986,BOB,1986-08-10 12:00:00,1986-08-14 12:00:00,96.0,9,9,0,30.0,,2.0,DD,RSMC_New_Delhi_Best_Track
1986-005,5.0,,1986,BOB,1986-08-19 03:00:00,1986-08-20 12:00:00,33.0,4,4,0,25.0,,1.5,D,RSMC_New_Delhi_Best_Track
1986-006,6.0,,1986,BOB,1986-09-24 03:00:00,1986-09-26 12:00:00,57.0,5,5,0,25.0,,1.5,D,RSMC_New_Delhi_Best_Track
1986-007,7.0,,1986,BOB,1986-11-07 03:00:00,1986-11-09 12:00:00,57.0,6,6,0,45.0,,3.0,CS,RSMC_New_Delhi_Best_Track
1986-008,8.0,,1986,ARB,1986-11-09 03:00:00,1986-11-10 12:00:00,33.0,4,4,0,30.0,,2.0,DD,RSMC_New_Delhi_Best_Track
1987-001,1.0,,1987,BOB,1987-01-30 03:00:00,1987-02-04 12:00:00,129.0,21,21,0,75.0,970.0,4.0,VSCS,RSMC_New_Delhi_Best_Track
1987-002,2.0,,1987,BOB,1987-06-01 03:00:00,1987-06-05 06:00:00,99.0,13,13,0,45.0,980.0,3.0,CS,RSMC_New_Delhi_Best_Track
1987-003,3.0,,1987,BOB,1987-08-26 03:00:00,1987-08-29 12:00:00,81.0,8,8,0,25.0,990.0,,D,RSMC_New_Delhi_Best_Track
1987-004,4.0,,1987,BOB,1987-09-11 12:00:00,1987-09-12 12:00:00,24.0,3,3,0,25.0,993.0,,D,RSMC_New_Delhi_Best_Track
1987-005,5.0,,1987,BOB,1987-09-15 03:00:00,1987-09-16 12:00:00,33.0,4,4,0,25.0,997.0,,D,RSMC_New_Delhi_Best_Track
1987-006,6.0,,1987,BOB,1987-10-14 03:00:00,1987-10-19 12:00:00,129.0,13,13,0,45.0,994.0,3.0,CS,RSMC_New_Delhi_Best_Track
1987-007,7.0,,1987,BOB,1987-10-31 03:00:00,1987-11-03 12:00:00,81.0,17,17,0,55.0,984.0,3.5,SCS,RSMC_New_Delhi_Best_Track
1987-008,8.0,,1987,BOB,1987-11-11 06:00:00,1987-11-13 06:00:00,48.0,11,11,0,55.0,990.0,3.5,SCS,RSMC_New_Delhi_Best_Track
1987-009,9.0,,1987,BOB,1987-12-19 12:00:00,1987-12-22 18:00:00,78.0,16,16,0,30.0,,2.0,DD,RSMC_New_Delhi_Best_Track
1988-001,1.0,,1988,BOB,1988-06-08 12:00:00,1988-06-10 03:00:00,39.0,4,4,0,30.0,,2.0,DD,RSMC_New_Delhi_Best_Track
1988-002,2.0,,1988,ARB,1988-06-09 03:00:00,1989-06-12 12:00:00,8841.0,9,9,0,30.0,,2.0,DD,RSMC_New_Delhi_Best_Track
1988-003,3.0,,1988,BOB,1988-07-17 03:00:00,1988-07-18 12:00:00,33.0,4,4,0,25.0,,1.5,D,RSMC_New_Delhi_Best_Track
1988-004,4.0,,1988,BOB,1988-08-02 00:00:00,1988-08-06 03:00:00,99.0,10,10,0,30.0,,2.0,DD,RSMC_New_Delhi_Best_Track
1988-005,5.0,,1988,BOB,1988-10-01 03:00:00,1988-10-03 03:00:00,48.0,5,5,0,30.0,,2.0,DD,RSMC_New_Delhi_Best_Track
1988-006,6.0,,1988,BOB,1988-10-18 18:00:00,1988-10-20 03:00:00,33.0,4,4,0,55.0,,4.0,CS,RSMC_New_Delhi_Best_Track
1988-007,7.0,,1988,BOB,1988-11-15 03:00:00,1988-11-18 12:00:00,81.0,8,8,0,110.0,,5.5,SCS,RSMC_New_Delhi_Best_Track
1988-008,8.0,,1988,BOB,1988-11-23 12:00:00,1988-11-30 00:00:00,156.0,14,14,0,115.0,,6.0,SCS,RSMC_New_Delhi_Best_Track
1988-009,9.0,,1988,BOB,1988-12-06 12:00:00,1988-12-08 12:00:00,48.0,5,5,0,30.0,,2.0,DD,RSMC_New_Delhi_Best_Track
1989-001,1.0,,1989,BOB,1989-05-23 03:00:00,1989-05-27 12:00:00,105.0,9,9,0,115.0,,6.0,SCS,RSMC_New_Delhi_Best_Track
1989-002,2.0,,1989,ARB,1989-06-09 03:00:00,1989-06-12 12:00:00,81.0,8,8,0,30.0,,2.0,DD,RSMC_New_Delhi_Best_Track
1989-003,3.0,,1989,BOB,1989-06-12 03:00:00,1989-06-14 12:00:00,57.0,6,6,0,30.0,,2.0,DD,RSMC_New_Delhi_Best_Track
1989-004,4.0,,1989,BOB,1989-06-20 03:00:00,1989-06-20 03:00:00,0.0,1,1,0,25.0,,1.5,D,RSMC_New_Delhi_Best_Track
1989-005,5.0,,1989,BOB,1989-07-21 12:00:00,1989-07-25 12:00:00,96.0,9,9,0,45.0,,3.5,CS,RSMC_New_Delhi_Best_Track
1989-006,6.0,,1989,BOB,1989-08-16 03:00:00,1989-08-17 12:00:00,33.0,4,4,0,30.0,,2.0,DD,RSMC_New_Delhi_Best_Track
1989-007,7.0,,1989,BOB,1989-10-17 03:00:00,1989-10-18 03:00:00,24.0,3,3,0,25.0,,1.5,D,RSMC_New_Delhi_Best_Track
1989-008,8.0,,1989,BOB,1989-11-01 03:00:00,1989-11-09 03:00:00,192.0,12,12,0,115.0,,6.0,SCS,RSMC_New_Delhi_Best_Track
1989-009,9.0,,1989,BOB,1989-11-11 03:00:00,1989-11-11 03:00:00,0.0,1,1,0,25.0,,1.5,D,RSMC_New_Delhi_Best_Track
1989-010,10.0,,1989,BOB,1989-11-16 12:00:00,1989-11-20 03:00:00,87.0,8,8,0,30.0,,2.0,DD,RSMC_New_Delhi_Best_Track
1990-001,1.0,,1990,BOB,1990-05-04 06:00:00,1990-05-10 12:00:00,150.0,26,26,0,127.0,920.0,6.5,SuCS,RSMC_New_Delhi_Best_Track
1990-009,1.0,,1990,ARB,1990-11-16 06:00:00,1990-11-18 00:00:00,42.0,8,8,0,33.0,1007.0,2.0,DD,RSMC_New_Delhi_Best_Track
1990-002,2.0,,1990,BOB,1990-06-13 12:00:00,1990-06-15 06:00:00,42.0,8,8,0,33.0,990.0,2.0,DD,RSMC_New_Delhi_Best_Track
1990-003,3.0,,1990,BOB,1990-08-14 12:00:00,1990-08-17 00:00:00,60.0,11,11,0,27.0,993.0,1.5,D,RSMC_New_Delhi_Best_Track
1990-004,4.0,,1990,BOB,1990-08-20 06:00:00,1990-08-24 12:00:00,102.0,18,18,0,27.0,986.0,1.5,D,RSMC_New_Delhi_Best_Track
1990-005,5.0,,1990,BOB,1990-09-03 06:00:00,1990-09-04 18:00:00,36.0,7,7,0,27.0,995.0,1.5,D,RSMC_New_Delhi_Best_Track
1990-006,6.0,,1990,BOB,1990-10-06 18:00:00,1990-10-08 12:00:00,42.0,8,8,0,33.0,998.0,2.0,DD,RSMC_New_Delhi_Best_Track
1990-007,7.0,,1990,BOB,1990-10-31 12:00:00,1990-11-04 06:00:00,90.0,16,16,0,33.0,1001.0,2.0,DD,RSMC_New_Delhi_Best_Track
1990-008,8.0,,1990,BOB,1990-11-14 00:00:00,1990-11-14 18:00:00,18.0,4,4,0,27.0,1008.0,1.5,D,RSMC_New_Delhi_Best_Track
1990-010,9.0,,1990,BOB,1990-12-14 12:00:00,1990-12-18 12:00:00,96.0,17,17,0,55.0,,3.5,SCS,RSMC_New_Delhi_Best_Track
1991-001,1.0,,1991,BOB,1991-04-24 12:00:00,1991-04-30 00:00:00,132.0,23,23,0,127.0,918.0,6.5,SuCS,RSMC_New_Delhi_Best_Track
1991-002,2.0,,1991,BOB,1991-05-31 06:00:00,1991-06-02 06:00:00,48.0,9,9,0,45.0,990.0,3.0,CS,RSMC_New_Delhi_Best_Track
1991-003,3.0,,1991,BOB,1991-07-27 06:00:00,1991-07-31 18:00:00,108.0,19,19,0,30.0,984.0,2.0,DD,RSMC_New_Delhi_Best_Track
1991-004,4.0,,1991,BOB,1991-08-22 00:00:00,1991-08-26 00:00:00,96.0,17,17,0,25.0,992.0,1.5,D,RSMC_New_Delhi_Best_Track
1991-005,5.0,,1991,BOB,1991-09-21 06:00:00,1991-09-22 06:00:00,24.0,5,5,0,25.0,1000.0,1.5,D,RSMC_New_Delhi_Best_Track
1991-006,6.0,,1991,BOB,1991-10-12 12:00:00,1991-10-14 00:00:00,36.0,7,7,0,25.0,998.0,1.5,D,RSMC_New_Delhi_Best_Track
1991-007,7.0,,1991,BOB,1991-10-28 06:00:00,1991-10-30 06:00:00,48.0,9,9,0,25.0,998.0,1.5,D,RSMC_New_Delhi_Best_Track
1991-008,8.0,,1991,BOB,1991-11-11 12:00:00,1991-11-15 12:00:00,96.0,17,17,0,45.0,998.0,3.0,CS,RSMC_New_Delhi_Best_Track
1992-001,1.0,,1992,BOB,1992-05-16 06:00:00,1992-05-19 12:00:00,78.0,14,14,0,35.0,992.0,2.5,CS,RSMC_New_Delhi_Best_Track
1992-002,1.0,,1992,ARB,1992-06-08 12:00:00,1992-06-12 12:00:00,96.0,17,17,0,45.0,994.0,3.0,CS,RSMC_New_Delhi_Best_Track
1992-003,2.0,,1992,BOB,1992-06-17 00:00:00,1992-06-20 12:00:00,84.0,15,15,0,30.0,980.0,2.0,DD,RSMC_New_Delhi_Best_Track
1992-005,2.0,,1992,ARB,1992-10-01 00:00:00,1992-10-03 12:00:00,60.0,11,11,0,45.0,996.0,3.0,CS,RSMC_New_Delhi_Best_Track
1992-004,3.0,,1992,BOB,1992-07-26 00:00:00,1992-07-30 12:00:00,108.0,19,19,0,30.0,984.0,2.0,DD,RSMC_New_Delhi_Best_Track
1992-011,3.0,,1992,ARB,1992-01-12 00:00:00,1992-02-12 00:00:00,744.0,5,5,0,25.0,,1.5,D,RSMC_New_Delhi_Best_Track
1992-006,4.0,,1992,BOB,1992-07-10 00:00:00,1992-09-10 06:00:00,1494.0,10,10,0,30.0,998.0,2.0,DD,RSMC_New_Delhi_Best_Track
1992-012,4.0,,1992,ARB,1992-12-21 00:00:00,1992-12-24 12:00:00,84.0,15,15,0,30.0,1002.0,2.0,DD,RSMC_New_Delhi_Best_Track
1992-007,5.0,,1992,BOB,1992-10-20 12:00:00,1992-10-22 00:00:00,36.0,7,7,0,35.0,996.0,2.5,CS,RSMC_New_Delhi_Best_Track
1992-008,6.0,,1992,BOB,1992-11-03 06:00:00,1992-11-07 00:00:00,90.0,16,16,0,45.0,996.0,3.0,CS,RSMC_New_Delhi_Best_Track
1992-009,7.0,,1992,BOB,1992-11-11 06:00:00,1992-11-17 06:00:00,144.0,25,25,0,55.0,994.0,3.5,SCS,RSMC_New_Delhi_Best_Track
1992-010,8.0,,1992,BOB,1992-11-16 06:00:00,1992-11-21 12:00:00,126.0,22,22,0,102.0,952.0,5.5,ESCS,RSMC_New_Delhi_Best_Track
1993-001,1.0,,1993,ARB,1993-11-12 03:00:00,1993-11-15 18:00:00,87.0,19,19,0,65.0,986.0,4.0,VSCS,RSMC_New_Delhi_Best_Track
1993-003,1.0,,1993,BOB,1993-12-01 06:00:00,1993-12-04 12:00:00,78.0,17,17,0,90.0,968.0,5.0,ESCS,RSMC_New_Delhi_Best_Track
1993-002,2.0,,1993,ARB,1993-11-08 03:00:00,1993-11-09 18:00:00,39.0,9,9,0,25.0,998.0,1.5,D,RSMC_New_Delhi_Best_Track
1993-004,2.0,,1993,BOB,1993-12-19 00:00:00,1993-12-20 09:00:00,33.0,9,9,0,30.0,1006.0,1.5,DD,RSMC_New_Delhi_Best_Track
1994-001,1.0,,1994,BOB,1994-03-21 12:00:00,1994-03-24 06:00:00,66.0,12,12,0,25.0,,1.5,,RSMC_New_Delhi_Best_Track
1994-003,1.0,,1994,ARB,1994-06-05 18:00:00,1994-06-09 06:00:00,84.0,19,19,0,55.0,980.0,3.5,SCS,RSMC_New_Delhi_Best_Track
1994-002,2.0,,1994,BOB,1994-04-29 00:00:00,1994-05-02 15:00:00,87.0,20,20,0,115.0,940.0,6.0,ESCS,RSMC_New_Delhi_Best_Track
1994-005,2.0,,1994,ARB,1994-11-15 03:00:00,1994-11-20 03:00:00,120.0,26,26,0,65.0,984.0,4.0,VSCS,RSMC_New_Delhi_Best_Track
1994-004,3.0,,1994,BOB,1994-10-29 03:00:00,1994-10-31 18:00:00,63.0,14,14,0,60.0,988.0,3.5,SCS,RSMC_New_Delhi_Best_Track
1995-001,1.0,,1995,BOB,1995-05-05 21:00:00,1995-05-06 18:00:00,21.0,7,7,0,30.0,996.0,2.0,DD,RSMC_New_Delhi_Best_Track
1995-002,2.0,,1995,BOB,1995-05-08 09:00:00,1995-05-10 09:00:00,48.0,13,13,0,30.0,996.0,2.0,DD,RSMC_New_Delhi_Best_Track
1995-003,3.0,,1995,BOB,1995-05-14 18:00:00,1995-05-18 00:00:00,78.0,17,17,0,30.0,996.0,2.0,DD,RSMC_New_Delhi_Best_Track
1995-004,4.0,,1995,BOB,1995-09-16 03:00:00,1995-09-17 12:00:00,33.0,8,8,0,25.0,998.0,1.5,D,RSMC_New_Delhi_Best_Track
1995-005,5.0,,1995,BOB,1995-09-26 03:00:00,1995-09-28 03:00:00,48.0,11,11,0,25.0,1000.0,1.5,D,RSMC_New_Delhi_Best_Track
1995-006,6.0,,1995,ARB,1995-10-12 12:00:00,1995-10-17 12:00:00,120.0,26,26,0,45.0,996.0,3.0,CS,RSMC_New_Delhi_Best_Track
1995-007,7.0,,1995,BOB,1995-11-07 03:00:00,1995-11-10 09:00:00,78.0,18,18,0,77.0,978.0,4.5,VSCS,RSMC_New_Delhi_Best_Track
1995-008,8.0,,1995,BOB,1995-11-21 12:00:00,1995-11-25 09:00:00,93.0,21,21,0,102.0,956.0,5.5,ESCS,RSMC_New_Delhi_Best_Track
1996-001,1.0,,1996,BOB,1996-05-07 03:00:00,1996-05-08 00:00:00,21.0,5,5,0,30.0,1000.0,2.0,DD,RSMC_New_Delhi_Best_Track
1996-002,2.0,,1996,BOB,1996-06-12 12:00:00,1996-06-16 06:00:00,90.0,20,20,0,45.0,992.0,3.0,CS,RSMC_New_Delhi_Best_Track
1996-003,3.0,,1996,ARB,1996-06-17 09:00:00,1996-06-20 06:00:00,69.0,17,17,0,60.0,972.0,3.5,SCS,RSMC_New_Delhi_Best_Track
1996-004,4.0,,1996,LAND,1996-07-26 03:00:00,1996-07-28 03:00:00,48.0,5,5,0,,,,D,RSMC_New_Delhi_Best_Track
1996-005,5.0,,1996,BOB,1996-10-01 03:00:00,1996-10-02 06:00:00,27.0,7,7,0,25.0,1000.0,1.5,D,RSMC_New_Delhi_Best_Track
1996-006,6.0,,1996,ARB,1996-10-22 09:00:00,1996-10-27 12:00:00,123.0,28,28,0,60.0,994.0,3.5,SCS,RSMC_New_Delhi_Best_Track
1996-007,7.0,,1996,BOB,1996-10-27 03:00:00,1996-10-29 00:00:00,45.0,10,10,0,30.0,998.0,2.0,DD,RSMC_New_Delhi_Best_Track
1996-008,8.0,,1996,BOB,1996-11-04 15:00:00,1996-11-07 06:00:00,63.0,17,17,0,77.0,988.0,4.5,VSCS,RSMC_New_Delhi_Best_Track
1996-009,9.0,,1996,BOB,1996-11-28 03:00:00,1996-12-06 18:00:00,207.0,44,44,0,65.0,984.0,4.0,VSCS,RSMC_New_Delhi_Best_Track
1997-001,1.0,,1997,BOB,1997-05-15 06:00:00,1997-05-19 12:00:00,102.0,27,27,0,90.0,964.0,5.0,ESCS,RSMC_New_Delhi_Best_Track
1997-002,2.0,,1997,BOB,1997-06-26 03:00:00,1997-06-29 18:00:00,87.0,19,19,0,30.0,985.0,2.0,DD,RSMC_New_Delhi_Best_Track
1997-003,3.0,,1997,BOB,1997-07-29 03:00:00,1997-08-02 06:00:00,99.0,21,21,0,30.0,1002.0,2.0,DD,RSMC_New_Delhi_Best_Track
1997-004,4.0,,1997,BOB,1997-08-04 06:00:00,1997-08-05 18:00:00,36.0,10,10,0,30.0,896.0,2.0,DD,RSMC_New_Delhi_Best_Track
1997-005,5.0,,1997,BOB,1997-08-20 03:00:00,1997-08-27 06:00:00,171.0,36,36,0,30.0,990.0,2.0,DD,RSMC_New_Delhi_Best_Track
1997-006,6.0,,1997,BOB,1997-08-28 03:00:00,1997-08-30 06:00:00,51.0,13,13,0,25.0,994.0,1.5,D,RSMC_New_Delhi_Best_Track
1997-007,7.0,,1997,BOB,1997-09-23 03:00:00,1997-09-27 12:00:00,105.0,27,27,0,55.0,984.0,3.5,SCS,RSMC_New_Delhi_Best_Track
1997-008,8.0,,1997,BOB,1997-11-04 03:00:00,1997-11-09 09:00:00,126.0,32,32,0,35.0,1004.0,2.5,CS,RSMC_New_Delhi_Best_Track
1997-009,9.0,,1997,ARB,1997-11-10 18:00:00,1997-11-13 09:00:00,63.0,15,15,0,30.0,1005.0,2.0,DD,RSMC_New_Delhi_Best_Track
1998-001,1.0,,1998,BOB,1998-05-17 12:00:00,1998-05-20 12:00:00,72.0,16,16,0,60.0,972.0,3.5,SCS,RSMC_New_Delhi_Best_Track
1998-002,2.0,,1998,ARB,1998-06-04 06:00:00,1998-06-10 09:00:00,147.0,32,32,0,90.0,958.0,5.0,ESCS,RSMC_New_Delhi_Best_Track
1998-003,3.0,,1998,BOB,1998-06-13 15:00:00,1998-06-15 03:00:00,36.0,9,9,0,30.0,992.0,2.0,DD,RSMC_New_Delhi_Best_Track
1998-004,4.0,,1998,ARB,1998-10-06 12:00:00,1998-10-09 12:00:00,72.0,16,16,0,30.0,998.0,2.0,DD,RSMC_New_Delhi_Best_Track
1998-005,5.0,,1998,ARB,1998-10-11 12:00:00,1998-10-17 03:00:00,135.0,30,30,0,35.0,994.0,2.5,CS,RSMC_New_Delhi_Best_Track
1998-006,6.0,,1998,BOB,1998-10-13 12:00:00,1998-10-15 00:00:00,36.0,8,8,0,30.0,998.0,2.0,DD,RSMC_New_Delhi_Best_Track
1998-007,7.0,,1998,BOB,1998-10-26 09:00:00,1998-10-29 09:00:00,72.0,17,17,0,30.0,1002.0,2.0,DD,RSMC_New_Delhi_Best_Track
1998-008,8.0,,1998,BOB,1998-11-13 12:00:00,1998-11-16 06:00:00,66.0,15,15,0,77.0,982.0,4.5,VSCS,RSMC_New_Delhi_Best_Track
1998-009,9.0,,1998,BOB,1998-11-19 03:00:00,1998-11-23 03:00:00,96.0,22,22,0,65.0,984.0,4.0,VSCS,RSMC_New_Delhi_Best_Track
1998-010,10.0,,1998,ARB,1998-12-13 00:00:00,1998-12-17 03:00:00,99.0,26,26,0,55.0,993.0,3.5,SCS,RSMC_New_Delhi_Best_Track
1999-001,1.0,,1999,BOB,1999-02-01 03:00:00,1999-02-03 18:00:00,63.0,13,13,0,50.0,998.0,3.0,CS,RSMC_New_Delhi_Best_Track
1999-002,2.0,,1999,ARB,1999-05-16 12:00:00,1999-05-22 12:00:00,144.0,42,42,0,105.0,946.0,5.5,ESCS,RSMC_New_Delhi_Best_Track
1999-003,3.0,,1999,BOB,1999-06-17 03:00:00,1999-06-18 09:00:00,30.0,8,8,0,30.0,986.0,2.0,DD,RSMC_New_Delhi_Best_Track
1999-004,4.0,,1999,BOB,1999-07-27 03:00:00,1999-07-29 06:00:00,51.0,12,12,0,25.0,990.0,2.0,DD,RSMC_New_Delhi_Best_Track
1999-005,5.0,,1999,BOB,1999-08-06 12:00:00,1999-08-09 00:00:00,60.0,11,11,0,20.0,992.0,1.5,D,RSMC_New_Delhi_Best_Track
1999-006,6.0,,1999,BOB,1999-10-15 03:00:00,1999-10-19 03:00:00,96.0,30,30,0,90.0,968.0,5.0,ESCS,RSMC_New_Delhi_Best_Track
1999-007,7.0,,1999,BOB,1999-10-25 06:00:00,1999-10-31 03:00:00,141.0,40,40,0,140.0,912.0,7.0,SuCS,RSMC_New_Delhi_Best_Track
1999-008,8.0,,1999,BOB,1999-12-08 09:00:00,1999-12-10 09:00:00,48.0,14,14,0,25.0,998.0,1.5,D,RSMC_New_Delhi_Best_Track
2000-001,1.0,,2000,BOB,2000-03-27 12:00:00,2000-03-30 12:00:00,72.0,18,18,0,45.0,998.0,3.0,CS,RSMC_New_Delhi_Best_Track
2000-002,2.0,,2000,BOB,2000-08-23 03:00:00,2000-08-24 00:00:00,21.0,5,5,0,25.0,994.0,1.5,D,RSMC_New_Delhi_Best_Track
2000-003,3.0,,2000,BOB,2000-10-15 00:00:00,2000-10-19 06:00:00,102.0,25,25,0,35.0,996.0,2.5,CS,RSMC_New_Delhi_Best_Track
2000-004,4.0,,2000,BOB,2000-10-25 09:00:00,2000-10-29 00:00:00,87.0,20,20,0,35.0,998.0,2.5,CS,RSMC_New_Delhi_Best_Track
2000-005,5.0,,2000,BOB,2000-11-26 03:00:00,2000-11-30 06:00:00,99.0,30,30,0,102.0,958.0,5.5,ESCS,RSMC_New_Delhi_Best_Track
2000-006,6.0,,2000,BOB,2000-12-23 03:00:00,2000-12-29 00:00:00,141.0,35,35,0,90.0,970.0,5.0,ESCS,RSMC_New_Delhi_Best_Track
2001-001,1.0,,2001,ARB,2001-05-21 12:00:00,2001-05-29 00:00:00,180.0,60,60,0,115.0,932.0,6.0,ESCS,RSMC_New_Delhi_Best_Track
2001-002,2.0,,2001,BOB,2001-06-12 03:00:00,2001-06-13 12:00:00,33.0,5,5,0,25.0,990.0,1.5,D,RSMC_New_Delhi_Best_Track
2001-003,3.0,,2001,ARB,2001-09-24 09:00:00,2001-09-27 21:00:00,84.0,25,25,0,35.0,1000.0,2.5,CS,RSMC_New_Delhi_Best_Track
2001-004,4.0,,2001,ARB,2001-10-08 21:00:00,2001-10-10 09:00:00,36.0,13,13,0,35.0,998.0,2.5,CS,RSMC_New_Delhi_Best_Track
2001-005,5.0,,2001,BOB,2001-10-14 12:00:00,2001-10-16 18:00:00,54.0,16,16,0,35.0,998.0,2.5,CS,RSMC_New_Delhi_Best_Track
2001-006,6.0,,2001,BOB,2001-11-11 03:00:00,2001-11-12 00:00:00,21.0,5,5,0,25.0,1004.0,1.5,D,RSMC_New_Delhi_Best_Track
2002-001,1.0,,2002,ARB,2002-05-06 03:00:00,2002-05-10 06:00:00,99.0,26,26,0,35.0,994.0,2.5,CS,RSMC_New_Delhi_Best_Track
2002-002,2.0,,2002,BOB,2002-05-11 03:00:00,2002-05-12 03:00:00,24.0,6,6,0,30.0,1004.0,2.0,DD,RSMC_New_Delhi_Best_Track
2002-003,3.0,,2002,BOB,2002-10-22 09:00:00,2002-10-23 18:00:00,33.0,7,7,0,25.0,1002.0,1.5,D,RSMC_New_Delhi_Best_Track
2002-004,4.0,,2002,BOB,2002-11-10 03:00:00,2002-11-12 15:00:00,60.0,18,18,0,55.0,990.0,3.5,SCS,RSMC_New_Delhi_Best_Track
2002-005,5.0,,2002,BOB,2002-11-23 03:00:00,2002-11-28 12:00:00,129.0,36,36,0,35.0,1000.0,2.5,CS,RSMC_New_Delhi_Best_Track
2002-006,6.0,,2002,BOB,2002-12-21 03:00:00,2002-12-25 15:00:00,108.0,27,27,0,35.0,1000.0,2.5,CS,RSMC_New_Delhi_Best_Track
2003-001,1.0,,2003,BOB,2003-05-10 03:00:00,2003-05-19 21:00:00,234.0,79,79,0,75.0,980.0,4.5,VSCS,RSMC_New_Delhi_Best_Track
2003-002,2.0,,2003,BOB,2003-07-25 03:00:00,2003-07-28 03:00:00,72.0,7,7,0,30.0,988.0,2.0,DD,RSMC_New_Delhi_Best_Track
2003-003,3.0,,2003,BOB,2003-08-27 12:00:00,2003-08-28 12:00:00,24.0,3,3,0,25.0,996.0,1.5,D,RSMC_New_Delhi_Best_Track
2003-004,4.0,,2003,BOB,2003-10-06 03:00:00,2003-10-09 12:00:00,81.0,9,9,0,25.0,998.0,1.5,D,RSMC_New_Delhi_Best_Track
2003-005,5.0,,2003,BOB,2003-10-26 12:00:00,2003-10-28 09:00:00,45.0,5,5,0,30.0,1004.0,2.0,DD,RSMC_New_Delhi_Best_Track
2003-006,6.0,,2003,ARB,2003-11-12 03:00:00,2003-11-15 12:00:00,81.0,22,22,0,55.0,990.0,3.5,SCS,RSMC_New_Delhi_Best_Track
2003-007,7.0,,2003,BOB,2003-12-11 12:00:00,2003-12-16 12:00:00,120.0,28,28,0,55.0,990.0,3.5,SCS,RSMC_New_Delhi_Best_Track
2004-001,1.0,,2004,ARB,2004-05-05 03:00:00,2004-05-10 09:00:00,126.0,43,43,0,55.0,984.0,3.5,SCS,RSMC_New_Delhi_Best_Track
2004-002,2.0,,2004,BOB,2004-05-16 09:00:00,2004-05-19 03:00:00,66.0,22,22,0,90.0,952.0,5.0,ESCS,RSMC_New_Delhi_Best_Track
2004-003,3.0,,2004,ARB,2004-06-10 03:00:00,2004-06-13 03:00:00,72.0,21,21,0,30.0,992.0,2.0,DD,RSMC_New_Delhi_Best_Track
2004-004,4.0,,2004,BOB,2004-06-11 03:00:00,2004-06-14 09:00:00,78.0,22,22,0,30.0,990.0,2.0,DD,RSMC_New_Delhi_Best_Track
2004-005,5.0,,2004,LAND,2004-09-12 03:00:00,2004-09-15 12:00:00,81.0,8,8,0,25.0,996.0,,D,RSMC_New_Delhi_Best_Track
2004-006,6.0,ONIL,2004,ARB,2004-09-30 09:00:00,2004-10-03 18:00:00,81.0,28,28,0,55.0,990.0,3.5,SCS,RSMC_New_Delhi_Best_Track
2004-007,7.0,,2004,BOB,2004-10-02 03:00:00,2004-10-04 03:00:00,48.0,17,17,0,25.0,1002.0,1.5,D,RSMC_New_Delhi_Best_Track
2004-008,8.0,,2004,LAND,2004-10-07 03:00:00,2004-10-08 03:00:00,24.0,3,3,0,25.0,1004.0,,D,RSMC_New_Delhi_Best_Track
2004-009,9.0,,2004,ARB,2004-11-02 12:00:00,2004-11-07 12:00:00,120.0,13,13,0,30.0,1004.0,2.0,DD,RSMC_New_Delhi_Best_Track
2004-010,10.0,AGNI,2004,ARB,2004-11-29 03:00:00,2004-12-02 12:00:00,81.0,22,22,0,55.0,994.0,3.5,SCS,RSMC_New_Delhi_Best_Track
2005-001,1.0,HIBARU,2005,BOB,2005-01-13 12:00:00,2005-01-17 12:00:00,96.0,23,23,0,35.0,1000.0,2.5,CS,RSMC_New_Delhi_Best_Track
2005-002,2.0,,2005,ARB,2005-06-21 03:00:00,2005-06-22 12:00:00,33.0,4,4,0,25.0,992.0,1.5,D,RSMC_New_Delhi_Best_Track
2005-003,3.0,,2005,LAND,2005-06-27 12:00:00,2005-07-05 12:00:00,192.0,17,17,0,25.0,990.0,,D,RSMC_New_Delhi_Best_Track
2005-004,4.0,,2005,BOB,2005-07-29 03:00:00,2005-07-31 12:00:00,57.0,6,6,0,30.0,988.0,2.0,DD,RSMC_New_Delhi_Best_Track
2005-005,5.0,,2005,BOB,2005-09-12 03:00:00,2005-09-16 12:00:00,105.0,10,10,0,25.0,992.0,1.5,D,RSMC_New_Delhi_Best_Track
2005-006,6.0,,2005,ARB,2005-09-14 03:00:00,2005-09-16 12:00:00,57.0,6,6,0,25.0,996.0,1.5,D,RSMC_New_Delhi_Best_Track
2005-007,7.0,PYARR,2005,BOB,2005-09-17 03:00:00,2005-09-21 12:00:00,105.0,24,24,0,35.0,988.0,2.5,CS,RSMC_New_Delhi_Best_Track
2005-008,8.0,,2005,BOB,2005-10-26 03:00:00,2005-10-29 03:00:00,72.0,21,21,0,30.0,998.0,2.0,DD,RSMC_New_Delhi_Best_Track
2005-009,9.0,,2005,BOB,2005-11-20 03:00:00,2005-11-22 09:00:00,54.0,19,19,0,25.0,1002.0,1.5,D,RSMC_New_Delhi_Best_Track
2005-010,10.0,BAAZ,2005,BOB,2005-11-28 03:00:00,2005-12-02 03:00:00,96.0,33,33,0,45.0,998.0,3.0,CS,RSMC_New_Delhi_Best_Track
2005-011,11.0,FANOOS,2005,BOB,2005-12-06 03:00:00,2005-12-10 12:00:00,105.0,35,35,0,45.0,998.0,3.0,CS,RSMC_New_Delhi_Best_Track
2005-012,12.0,,2005,BOB,2005-12-15 12:00:00,2005-12-22 00:00:00,156.0,53,53,0,30.0,1000.0,2.0,DD,RSMC_New_Delhi_Best_Track
2006-001,1.0,,2006,ARB,2006-01-13 12:00:00,2006-01-14 21:00:00,33.0,9,9,0,30.0,1004.0,2.0,DD,RSMC_New_Delhi_Best_Track
2006-002,2.0,MALA,2006,BOB,2006-04-25 03:00:00,2006-04-29 18:00:00,111.0,38,38,0,100.0,954.0,5.5,ESCS,RSMC_New_Delhi_Best_Track
2006-003,3.0,,2006,BOB,2006-07-02 00:00:00,2006-07-05 06:00:00,78.0,27,27,0,30.0,982.0,2.0,DD,RSMC_New_Delhi_Best_Track
2006-004,4.0,,2006,BOB,2006-08-02 03:00:00,2006-08-05 09:00:00,78.0,26,26,0,30.0,986.0,2.0,DD,RSMC_New_Delhi_Best_Track
2006-005,5.0,,2006,BOB,2006-08-12 03:00:00,2006-08-13 00:00:00,21.0,8,8,0,25.0,992.0,1.5,D,RSMC_New_Delhi_Best_Track
2006-006,6.0,,2006,BOB,2006-08-16 03:00:00,2006-08-18 09:00:00,54.0,19,19,0,25.0,988.0,1.5,D,RSMC_New_Delhi_Best_Track
2006-007,7.0,,2006,BOB,2006-08-29 03:00:00,2006-09-01 06:00:00,75.0,26,26,0,25.0,990.0,1.5,D,RSMC_New_Delhi_Best_Track
2006-008,8.0,,2006,BOB,2006-09-03 03:00:00,2006-09-04 21:00:00,42.0,15,15,0,25.0,992.0,1.5,D,RSMC_New_Delhi_Best_Track
2006-009,9.0,,2006,LAND,2006-09-21 03:00:00,2006-09-24 00:00:00,69.0,24,24,0,25.0,996.0,,D,RSMC_New_Delhi_Best_Track
2006-010,10.0,MUKDA,2006,ARB,2006-09-21 03:00:00,2006-09-24 12:00:00,81.0,28,28,0,55.0,988.0,3.5,SCS,RSMC_New_Delhi_Best_Track
2006-011,11.0,,2006,BOB,2006-09-28 09:00:00,2006-09-30 00:00:00,39.0,14,14,0,25.0,1002.0,1.5,D,RSMC_New_Delhi_Best_Track
2006-012,12.0,OGNI,2006,BOB,2006-10-29 00:00:00,2006-10-30 09:00:00,33.0,12,12,0,35.0,998.0,2.5,CS,RSMC_New_Delhi_Best_Track
2007-001,1.0,,2007,BOB,2007-05-03 12:00:00,2007-05-04 21:00:00,33.0,12,12,0,25.0,998.0,1.5,D,RSMC_New_Delhi_Best_Track
2007-002,2.0,AKASH,2007,BOB,2007-05-13 03:00:00,2007-05-14 21:00:00,42.0,15,15,0,45.0,988.0,3.0,CS,RSMC_New_Delhi_Best_Track
2007-003,3.0,GONU,2007,ARB,2007-06-01 18:00:00,2007-06-07 03:00:00,129.0,43,43,0,127.0,920.0,6.5,SuCS,RSMC_New_Delhi_Best_Track
2007-004,4.0,,2007,BOB,2007-06-21 03:00:00,2007-06-23 09:00:00,54.0,19,19,0,30.0,988.0,2.0,DD,RSMC_New_Delhi_Best_Track
2007-005,5.0,YEMYIN,2007,ARB,2007-06-25 03:00:00,2007-06-26 00:00:00,21.0,8,8,0,35.0,986.0,2.5,CS,RSMC_New_Delhi_Best_Track
2007-006,6.0,,2007,BOB,2007-06-28 00:00:00,2007-06-30 12:00:00,60.0,21,21,0,30.0,986.0,2.0,DD,RSMC_New_Delhi_Best_Track
2007-007,7.0,,2007,BOB,2007-05-07 00:00:00,2007-09-07 09:00:00,2961.0,43,43,0,30.0,988.0,1.5,DD,RSMC_New_Delhi_Best_Track
2007-008,8.0,,2007,BOB,2007-05-08 00:00:00,2007-07-08 09:00:00,1473.0,20,20,0,30.0,984.0,2.0,DD,RSMC_New_Delhi_Best_Track
2007-010,9.0,SIDR,2007,BOB,2007-11-11 09:00:00,2007-12-11 21:00:00,732.0,39,39,0,115.0,944.0,6.0,ESCS,RSMC_New_Delhi_Best_Track
2007-009,11.0,,2007,ARB,2007-01-11 00:00:00,2007-10-31 21:00:00,7053.0,45,45,0,30.0,1000.0,2.0,DD,RSMC_New_Delhi_Best_Track
2008-001,1.0,NARGIS,2008,BOB,2008-01-05 00:00:00,2008-04-30 21:00:00,2805.0,51,51,0,90.0,962.0,5.0,ESCS,RSMC_New_Delhi_Best_Track
2008-002,2.0,,2008,ARB,2008-05-06 00:00:00,2008-06-06 21:00:00,765.0,16,16,0,25.0,994.0,2.0,D,RSMC_New_Delhi_Best_Track
2008-003,3.0,,2008,BOB,2008-06-16 03:00:00,2008-06-18 03:00:00,48.0,7,7,0,25.0,988.0,1.5,D,RSMC_New_Delhi_Best_Track
2008-004,4.0,,2008,LAND,2008-09-08 12:00:00,2008-10-08 09:00:00,717.0,3,3,0,25.0,988.0,,D,RSMC_New_Delhi_Best_Track
2008-005,5.0,,2008,BOB,2008-09-15 12:00:00,2008-09-19 09:00:00,93.0,18,18,0,30.0,986.0,2.0,DD,RSMC_New_Delhi_Best_Track
2008-006,6.0,,2008,ARB,2008-10-19 09:00:00,2008-10-22 12:00:00,75.0,8,8,0,30.0,1000.0,2.0,DD,RSMC_New_Delhi_Best_Track
2008-007,7.0,RASHMI,2008,BOB,2008-10-25 03:00:00,2008-10-27 03:00:00,48.0,13,13,0,45.0,984.0,3.0,CS,RSMC_New_Delhi_Best_Track
2008-008,8.0,KHAIMUK,2008,BOB,2008-11-13 12:00:00,2008-11-16 03:00:00,63.0,20,20,0,40.0,994.0,2.5,CS,RSMC_New_Delhi_Best_Track
2008-009,9.0,NISHA,2008,BOB,2008-11-25 09:00:00,2008-11-27 12:00:00,51.0,17,17,0,45.0,996.0,3.0,CS,RSMC_New_Delhi_Best_Track
2008-010,10.0,,2008,BOB,2008-04-12 03:00:00,2008-07-12 12:00:00,2193.0,17,17,0,30.0,1004.0,2.0,DD,RSMC_New_Delhi_Best_Track
2009-001,1.0,BIJLI,2009,BOB,2009-04-14 09:00:00,2009-04-17 15:00:00,78.0,24,24,0,40.0,996.0,2.5,CS,RSMC_New_Delhi_Best_Track
2009-002,2.0,AILA,2009,BOB,2009-05-23 06:00:00,2009-05-26 06:00:00,72.0,22,22,0,60.0,968.0,3.5,SCS,RSMC_New_Delhi_Best_Track
2009-003,3.0,,2009,ARB,2009-06-23 00:00:00,2009-06-24 00:00:00,24.0,7,7,0,25.0,998.0,1.5,D,RSMC_New_Delhi_Best_Track
2009-004,4.0,,2009,ARB,2009-06-25 09:00:00,2009-06-25 18:00:00,9.0,3,3,0,25.0,996.0,1.5,D,RSMC_New_Delhi_Best_Track
2009-005,5.0,,2009,BOB,2009-07-20 03:00:00,2009-07-21 06:00:00,27.0,7,7,0,30.0,988.0,2.0,DD,RSMC_New_Delhi_Best_Track
2009-006,6.0,,2009,BOB,2009-05-09 00:00:00,2009-07-09 09:00:00,1473.0,14,14,0,30.0,988.0,2.0,DD,RSMC_New_Delhi_Best_Track
2009-007,7.0,PHYAN,2009,ARB,2009-09-11 09:00:00,2009-11-11 18:00:00,1473.0,16,16,0,45.0,988.0,3.0,CS,RSMC_New_Delhi_Best_Track
2009-008,8.0,WARD,2009,BOB,2009-10-12 09:00:00,2009-12-15 00:00:00,1527.0,30,30,0,45.0,996.0,3.0,CS,RSMC_New_Delhi_Best_Track
2010-001,1.0,LAILA,2010,BOB,2010-05-17 06:00:00,2010-05-21 06:00:00,96.0,30,30,0,55.0,986.0,3.5,SCS,RSMC_New_Delhi_Best_Track
2010-002,2.0,BANDU,2010,ARB,2010-05-19 09:00:00,2010-05-22 18:00:00,81.0,25,25,0,40.0,994.0,2.5,CS,RSMC_New_Delhi_Best_Track
2010-003,3.0,PHET,2010,ARB,2010-05-31 06:00:00,2010-06-07 06:00:00,168.0,53,53,0,85.0,964.0,4.5,VSCS,RSMC_New_Delhi_Best_Track
2010-004,4.0,,2010,BOB,2010-10-07 03:00:00,2010-10-08 18:00:00,39.0,9,9,0,25.0,996.0,1.5,D,RSMC_New_Delhi_Best_Track
2010-005,5.0,,2010,BOB,2010-10-13 06:00:00,2010-10-16 00:00:00,66.0,14,14,0,30.0,995.0,2.0,DD,RSMC_New_Delhi_Best_Track
2010-006,6.0,GIRI,2010,BOB,2010-10-20 12:00:00,2010-10-23 06:00:00,66.0,21,21,0,105.0,950.0,5.5,ESCS,RSMC_New_Delhi_Best_Track
2010-007,7.0,JAL,2010,BOB,2010-11-04 00:00:00,2010-11-08 03:00:00,99.0,30,30,0,60.0,988.0,3.5,SCS,RSMC_New_Delhi_Best_Track
2010-008,8.0,,2010,BOB,2010-12-07 03:00:00,2010-12-08 00:00:00,21.0,5,5,0,25.0,1000.0,1.5,D,RSMC_New_Delhi_Best_Track
2011-001,1.0,,2011,BOB,2011-02-02 09:00:00,2011-02-02 18:00:00,9.0,3,3,0,25.0,1002.0,1.5,D,RSMC_New_Delhi_Best_Track
2011-002,2.0,,2011,ARB,2011-06-11 12:00:00,2011-06-12 06:00:00,18.0,5,5,0,25.0,996.0,1.5,D,RSMC_New_Delhi_Best_Track
2011-003,3.0,,2011,BOB,2011-06-16 03:00:00,2011-06-22 18:00:00,159.0,34,34,0,35.0,978.0,1.5,DD,RSMC_New_Delhi_Best_Track
2011-004,4.0,,2011,LAND,2011-07-22 00:00:00,2011-07-23 00:00:00,24.0,6,6,0,20.0,990.0,,D,RSMC_New_Delhi_Best_Track
2011-005,5.0,,2011,BOB,2011-09-22 03:00:00,2011-09-23 06:00:00,27.0,7,7,0,25.0,995.0,1.5,D,RSMC_New_Delhi_Best_Track
2011-006,6.0,,2011,BOB,2011-10-19 00:00:00,2011-10-20 00:00:00,24.0,6,6,0,30.0,1002.0,2.0,DD,RSMC_New_Delhi_Best_Track
2011-007,7.0,KEILA,2011,ARB,2011-10-29 00:00:00,2011-11-04 03:00:00,147.0,32,32,0,35.0,996.0,2.5,CS,RSMC_New_Delhi_Best_Track
2011-008,8.0,,2011,ARB,2011-11-06 00:00:00,2011-11-10 03:00:00,99.0,17,17,0,30.0,1000.0,2.0,DD,RSMC_New_Delhi_Best_Track
2011-009,9.0,,2011,ARB,2011-11-26 03:00:00,2011-12-01 03:00:00,120.0,26,26,0,30.0,998.0,2.0,DD,RSMC_New_Delhi_Best_Track
2011-010,10.0,THANE,2011,BOB,2011-12-25 12:00:00,2011-12-30 12:00:00,120.0,36,36,0,75.0,969.0,4.5,VSCS,RSMC_New_Delhi_Best_Track
2012-001,1.0,,2012,BOB,2012-10-10 12:00:00,2012-10-11 03:00:00,15.0,5,5,0,30.0,1002.0,2.0,DD,RSMC_New_Delhi_Best_Track
2012-002,2.0,MURJAN,2012,ARB,2012-10-22 21:00:00,2012-10-26 03:00:00,78.0,14,14,0,40.0,998.0,2.5,CS,RSMC_New_Delhi_Best_Track
2012-003,3.0,NILAM,2012,BOB,2012-10-28 06:00:00,2012-11-01 18:00:00,108.0,28,28,0,45.0,987.0,3.0,CS,RSMC_New_Delhi_Best_Track
2012-004,4.0,,2012,BOB,2012-11-17 06:00:00,2012-11-19 12:00:00,54.0,13,13,0,30.0,1002.0,2.0,DD,RSMC_New_Delhi_Best_Track
2012-005,5.0,,2012,ARB,2012-12-22 06:00:00,2012-12-24 12:00:00,54.0,8,8,0,30.0,1002.0,2.0,DD,RSMC_New_Delhi_Best_Track
2013-001,1.0,VIYARU,2013,BOB,2013-05-10 09:00:00,2013-05-16 18:00:00,153.0,49,49,0,45.0,990.0,3.0,CS,RSMC_New_Delhi_Best_Track
2013-002,2.0,,2013,BOB,2013-05-29 03:00:00,2013-05-31 09:00:00,54.0,15,15,0,25.0,990.0,1.5,D,RSMC_New_Delhi_Best_Track
2013-003,3.0,,2013,BOB,2013-07-30 03:00:00,2013-08-01 00:00:00,45.0,9,9,0,25.0,990.0,1.5,D,RSMC_New_Delhi_Best_Track
2013-004,4.0,,2013,BOB,2013-08-20 00:00:00,2013-08-23 00:00:00,72.0,15,15,0,25.0,990.0,,D,RSMC_New_Delhi_Best_Track
2013-005,5.0,PHAILIN,2013,BOB,2013-10-08 03:00:00,2013-10-14 06:00:00,147.0,45,45,45,115.0,940.0,6.0,ESCS,RSMC_New_Delhi_Best_Track;MOSDAC_SCORPIO
2013-006,6.0,,2013,ARB,2013-11-08 06:00:00,2013-11-11 06:00:00,72.0,16,16,0,30.0,1002.0,2.0,DD,RSMC_New_Delhi_Best_Track
2013-007,7.0,,2013,BOB,2013-11-13 00:00:00,2013-11-16 18:00:00,90.0,21,21,0,25.0,1003.0,1.5,D,RSMC_New_Delhi_Best_Track
2013-008,8.0,HELEN,2013,BOB,2013-11-19 00:00:00,2013-11-22 18:00:00,90.0,28,28,28,55.0,990.0,3.5,SCS,RSMC_New_Delhi_Best_Track;MOSDAC_SCORPIO
2013-009,9.0,LEHAR,2013,BOB,2013-11-23 12:00:00,2013-11-28 12:00:00,120.0,38,38,38,75.0,980.0,4.0,VSCS,RSMC_New_Delhi_Best_Track;MOSDAC_SCORPIO
2013-010,10.0,MADI,2013,BOB,2013-12-06 03:00:00,2013-12-12 18:00:00,159.0,48,48,48,65.0,986.0,4.0,VSCS,RSMC_New_Delhi_Best_Track;MOSDAC_SCORPIO
2014-001,1.0,,2014,BOB,2014-01-04 03:00:00,2014-01-07 00:00:00,69.0,14,14,0,25.0,1004.0,1.5,D,RSMC_New_Delhi_Best_Track
2014-002,2.0,,2014,BOB,2014-05-21 03:00:00,2014-05-23 00:00:00,45.0,10,10,0,25.0,1000.0,1.5,D,RSMC_New_Delhi_Best_Track
2014-003,3.0,NANAUK,2014,ARB,2014-06-10 09:00:00,2014-06-14 00:00:00,87.0,26,26,26,45.0,986.0,3.0,CS,RSMC_New_Delhi_Best_Track;MOSDAC_SCORPIO
2014-004,4.0,,2014,LAND,2014-07-21 03:00:00,2014-07-23 06:00:00,51.0,12,12,0,25.0,988.0,,D,RSMC_New_Delhi_Best_Track
2014-005,5.0,,2014,BOB,2014-08-03 12:00:00,2014-08-06 18:00:00,78.0,17,17,0,30.0,988.0,2.0,DD,RSMC_New_Delhi_Best_Track
2014-006,6.0,HUDHUD,2014,BOB,2014-10-07 03:00:00,2014-10-14 09:00:00,174.0,53,53,53,100.0,950.0,5.0,ESCS,RSMC_New_Delhi_Best_Track;MOSDAC_SCORPIO
2014-007,7.0,NILOFAR,2014,ARB,2014-10-25 00:00:00,2014-10-31 00:00:00,144.0,45,45,45,110.0,950.0,5.5,ESCS,RSMC_New_Delhi_Best_Track;MOSDAC_SCORPIO
2014-008,8.0,,2014,BOB,2014-11-05 09:00:00,2014-11-08 00:00:00,63.0,14,14,0,30.0,998.0,2.0,DD,RSMC_New_Delhi_Best_Track
2015-001,1.0,ASHOBAA,2015,ARB,2015-06-07 03:00:00,2015-06-12 06:00:00,123.0,38,38,38,45.0,990.0,3.0,CS,RSMC_New_Delhi_Best_Track;MOSDAC_SCORPIO
2015-002,2.0,,2015,BOB,2015-06-20 03:00:00,2015-06-21 18:00:00,39.0,9,9,0,25.0,990.0,1.5,D,RSMC_New_Delhi_Best_Track
2015-003,3.0,,2015,ARB,2015-06-22 00:00:00,2015-06-24 18:00:00,66.0,14,14,0,30.0,988.0,2.0,DD,RSMC_New_Delhi_Best_Track
2015-004,4.0,,2015,LAND,2015-07-10 03:00:00,2015-07-12 09:00:00,54.0,19,19,0,25.0,994.0,,D,RSMC_New_Delhi_Best_Track
2015-005,5.0,,2015,LAND,2015-07-27 12:00:00,2015-07-30 00:00:00,60.0,21,21,0,30.0,994.0,,DD,RSMC_New_Delhi_Best_Track
2015-006,6.0,KOMEN,2015,BOB,2015-07-26 00:00:00,2015-08-02 09:00:00,177.0,42,42,0,40.0,986.0,2.5,CS,RSMC_New_Delhi_Best_Track
2015-007,7.0,,2015,LAND,2015-08-04 03:00:00,2015-08-04 18:00:00,15.0,5,5,0,25.0,998.0,,D,RSMC_New_Delhi_Best_Track
2015-008,8.0,,2015,LAND,2015-09-16 03:00:00,2015-09-19 00:00:00,69.0,24,24,0,30.0,996.0,,DD,RSMC_New_Delhi_Best_Track
2015-009,9.0,,2015,ARB,2015-10-09 00:00:00,2015-10-12 00:00:00,72.0,16,16,0,30.0,1000.0,2.0,DD,RSMC_New_Delhi_Best_Track
2015-010,10.0,CHAPALA,2015,ARB,2015-10-28 03:00:00,2015-11-04 00:00:00,165.0,52,52,52,115.0,940.0,6.0,ESCS,RSMC_New_Delhi_Best_Track;MOSDAC_SCORPIO
2015-011,11.0,MEGH,2015,ARB,2015-11-05 00:00:00,2015-11-10 12:00:00,132.0,43,43,43,95.0,964.0,5.0,ESCS,RSMC_New_Delhi_Best_Track;MOSDAC_SCORPIO
2015-012,12.0,,2015,BOB,2015-11-08 03:00:00,2015-11-10 03:00:00,48.0,11,11,0,30.0,996.0,2.0,DD,RSMC_New_Delhi_Best_Track
2016-001,1.0,ROANU,2016,BOB,2016-05-17 03:00:00,2016-05-22 00:00:00,117.0,32,32,32,45.0,983.0,3.0,CS,RSMC_New_Delhi_Best_Track;MOSDAC_SCORPIO
2016-002,2.0,,2016,ARB,2016-06-27 09:00:00,2016-06-29 00:00:00,39.0,9,9,0,25.0,996.0,1.5,D,RSMC_New_Delhi_Best_Track
2016-003,3.0,,2016,LAND,2016-07-06 03:00:00,2016-07-07 00:00:00,21.0,5,5,0,25.0,996.0,,D,RSMC_New_Delhi_Best_Track
2016-004,4.0,,2016,LAND,2016-08-09 09:00:00,2016-08-12 18:00:00,81.0,18,18,0,30.0,994.0,,DD,RSMC_New_Delhi_Best_Track
2016-005,5.0,,2016,BOB,2016-08-16 00:00:00,2016-08-20 18:00:00,114.0,22,22,0,25.0,994.0,1.5,DD,RSMC_New_Delhi_Best_Track
2016-006,6.0,KYANT,2016,BOB,2016-10-21 00:00:00,2016-10-27 18:00:00,162.0,41,41,41,40.0,996.0,2.5,CS,RSMC_New_Delhi_Best_Track;MOSDAC_SCORPIO
2016-007,7.0,,2016,BOB,2016-11-02 18:00:00,2016-11-06 09:00:00,87.0,20,20,0,25.0,1000.0,1.5,D,RSMC_New_Delhi_Best_Track
2016-008,8.0,NADA,2016,BOB,2016-11-29 12:00:00,2016-12-02 00:00:00,60.0,16,16,16,40.0,1000.0,1006.0,CS,RSMC_New_Delhi_Best_Track;MOSDAC_SCORPIO
2016-009,9.0,VARDAH,2016,BOB,2016-12-06 09:00:00,2016-12-13 00:00:00,159.0,48,48,48,70.0,975.0,4.0,VSCS,RSMC_New_Delhi_Best_Track;MOSDAC_SCORPIO
2016-010,10.0,,2016,ARB,2016-12-17 03:00:00,2016-12-18 03:00:00,24.0,6,6,0,25.0,994.0,1.5,D,RSMC_New_Delhi_Best_Track
2017-001,1.0,MAARUTHA,2017,BOB,2017-04-15 00:00:00,2017-04-17 00:00:00,48.0,16,16,16,40.0,996.0,2.5,CS,RSMC_New_Delhi_Best_Track;MOSDAC_SCORPIO
2017-002,2.0,MORA,2017,BOB,2017-05-28 00:00:00,2017-05-30 18:00:00,66.0,22,22,22,60.0,978.0,3.5,SCS,RSMC_New_Delhi_Best_Track;MOSDAC_SCORPIO
2017-003,3.0,,2017,BOB,2017-06-11 12:00:00,2017-06-12 18:00:00,30.0,7,7,0,30.0,988.0,2.0,DD,RSMC_New_Delhi_Best_Track
2017-004,4.0,,2017,BOB,2017-07-18 00:00:00,2017-07-19 00:00:00,24.0,6,6,0,25.0,992.0,1.5,D,RSMC_New_Delhi_Best_Track
2017-005,5.0,,2017,LAND,2017-07-26 00:00:00,2017-07-27 00:00:00,24.0,6,6,0,25.0,993.0,,D,RSMC_New_Delhi_Best_Track
2017-006,6.0,,2017,BOB,2017-09-10 00:00:00,2017-10-10 06:00:00,726.0,8,8,0,30.0,996.0,1.5,DD,RSMC_New_Delhi_Best_Track
2017-007,7.0,,2017,BOB,2017-10-19 00:00:00,2017-10-21 18:00:00,66.0,15,15,0,25.0,997.0,1.5,D,RSMC_New_Delhi_Best_Track
2017-008,8.0,,2017,BOB,2017-11-15 03:00:00,2017-11-17 03:00:00,48.0,11,11,0,25.0,1001.0,1.5,D,RSMC_New_Delhi_Best_Track
2017-009,9.0,OCKHI,2017,BOB,2017-11-29 03:00:00,2017-12-05 18:00:00,159.0,52,52,52,85.0,976.0,4.5,VSCS,RSMC_New_Delhi_Best_Track;MOSDAC_SCORPIO
2017-010,10.0,,2017,BOB,2017-06-12 03:00:00,2017-09-12 06:00:00,2211.0,17,17,0,30.0,1002.0,2.0,DD,RSMC_New_Delhi_Best_Track
2018-001,1.0,,2018,ARB,2018-03-13 03:00:00,2018-03-14 18:00:00,39.0,9,9,0,25.0,1006.0,1.5,D,RSMC_New_Delhi_Best_Track
2018-002,2.0,SAGAR,2018,ARB,2018-05-16 12:00:00,2018-05-20 00:00:00,84.0,25,25,0,45.0,994.0,3.0,CS,RSMC_New_Delhi_Best_Track
2018-003,3.0,MEKUNU,2018,ARB,2018-05-21 12:00:00,2018-05-27 00:00:00,132.0,41,41,41,95.0,960.0,5.0,ESCS,RSMC_New_Delhi_Best_Track;MOSDAC_SCORPIO
2018-004,4.0,,2018,BOB,2018-05-29 06:00:00,2018-05-30 03:00:00,21.0,5,5,0,30.0,992.0,2.0,DD,RSMC_New_Delhi_Best_Track
2018-005,5.0,,2018,BOB,2018-06-10 06:00:00,2018-06-10 18:00:00,12.0,3,3,0,25.0,988.0,1.5,D,RSMC_New_Delhi_Best_Track
2018-006,6.0,,2018,BOB,2018-07-21 03:00:00,2018-07-23 00:00:00,45.0,11,11,0,30.0,988.0,2.0,DD,RSMC_New_Delhi_Best_Track
2018-007,7.0,,2018,BOB,2018-08-07 09:00:00,2018-08-08 00:00:00,15.0,4,4,0,25.0,992.0,1.5,D,RSMC_New_Delhi_Best_Track
2018-008,8.0,,2018,LAND,2018-08-15 03:00:00,2018-08-17 00:00:00,45.0,10,10,0,25.0,993.0,,D,RSMC_New_Delhi_Best_Track
2018-009,9.0,,2018,BOB,2018-09-06 00:00:00,2018-09-07 03:00:00,27.0,7,7,0,30.0,990.0,2.0,DD,RSMC_New_Delhi_Best_Track
2018-010,10.0,DAYE,2018,BOB,2018-09-19 15:00:00,2018-09-22 06:00:00,63.0,17,17,17,35.0,992.0,2.5,CS,RSMC_New_Delhi_Best_Track;MOSDAC_SCORPIO
2018-011,11.0,LUBAN,2018,ARB,2018-10-06 09:00:00,2018-10-15 00:00:00,207.0,48,48,48,75.0,978.0,4.5,VSCS,RSMC_New_Delhi_Best_Track;MOSDAC_SCORPIO
2018-012,12.0,TITLI,2018,BOB,2018-10-08 03:00:00,2018-10-12 21:00:00,114.0,34,34,34,80.0,972.0,4.5,VSCS,RSMC_New_Delhi_Best_Track;MOSDAC_SCORPIO
2018-013,13.0,GAJA,2018,BOB,2018-11-10 00:00:00,2018-11-19 12:00:00,228.0,63,63,63,70.0,976.0,4.0,VSCS,RSMC_New_Delhi_Best_Track;MOSDAC_SCORPIO
2018-014,14.0,PHETHAI,2018,BOB,2018-12-13 00:00:00,2018-12-17 18:00:00,114.0,31,31,31,55.0,992.0,3.5,SCS,RSMC_New_Delhi_Best_Track;MOSDAC_SCORPIO
,,LUBAN,2018,,2018-10-11 00:00:00,2018-10-12 21:00:00,45.0,16,0,16,75.0,,,,MOSDAC_SCORPIO
2019-001,1.0,PABUK,2019,BOB,2019-01-04 12:00:00,2019-01-07 18:00:00,78.0,22,22,0,45.0,998.0,2.5,CS,RSMC_New_Delhi_Best_Track
2019-002,2.0,FANI,2019,BOB,2019-04-26 03:00:00,2019-05-04 12:00:00,201.0,64,64,56,115.0,932.0,6.0,ESCS,RSMC_New_Delhi_Best_Track;MOSDAC_SCORPIO
2019-003,3.0,VAYU,2019,ARB,2019-06-10 00:00:00,2019-06-17 12:00:00,180.0,59,59,59,80.0,970.0,4.5,VSCS,RSMC_New_Delhi_Best_Track;MOSDAC_SCORPIO
2019-004,4.0,,2019,BOB,2019-08-06 03:00:00,2019-08-09 06:00:00,75.0,17,17,0,30.0,988.0,2.0,DD,RSMC_New_Delhi_Best_Track
2019-005,5.0,HIKKA,2019,ARB,2019-09-22 03:00:00,2019-09-25 06:00:00,75.0,23,23,23,75.0,978.0,4.5,VSCS,RSMC_New_Delhi_Best_Track;MOSDAC_SCORPIO
2019-006,6.0,,2019,LAND,2019-09-29 12:00:00,2019-10-01 00:00:00,36.0,8,8,0,25.0,1002.0,,D,RSMC_New_Delhi_Best_Track
2019-007,7.0,KYAAR,2019,ARB,2019-10-24 03:00:00,2019-11-02 15:00:00,228.0,74,74,74,130.0,922.0,6.5,SuCS,RSMC_New_Delhi_Best_Track;MOSDAC_SCORPIO
2019-008,8.0,MAHA,2019,ARB,2019-10-30 00:00:00,2019-11-07 09:00:00,201.0,68,68,68,100.0,956.0,5.5,ESCS,RSMC_New_Delhi_Best_Track;MOSDAC_SCORPIO
2019-009,9.0,BULBUL,2019,BOB,2019-11-05 00:00:00,2019-11-11 00:00:00,144.0,41,41,41,75.0,976.0,4.5,VSCS,RSMC_New_Delhi_Best_Track;MOSDAC_SCORPIO
2019-010,10.0,PAWAN,2019,ARB,2019-12-02 12:00:00,2019-12-07 09:00:00,117.0,32,32,32,40.0,998.0,2.5,CS,RSMC_New_Delhi_Best_Track;MOSDAC_SCORPIO
2019-011,11.0,,2019,ARB,2019-12-03 18:00:00,2019-12-05 06:00:00,36.0,9,9,0,30.0,1000.0,2.0,DD,RSMC_New_Delhi_Best_Track
2019-012,12.0,,2019,ARB,2019-12-08 09:00:00,2019-12-10 03:00:00,42.0,10,10,0,30.0,1000.0,2.0,DD,RSMC_New_Delhi_Best_Track
2020-001,1.0,AMPHAN,2020,BOB,2020-05-16 00:00:00,2020-05-21 12:00:00,132.0,44,44,44,130.0,920.0,6.5,SuCS,RSMC_New_Delhi_Best_Track;MOSDAC_SCORPIO
2020-002,2.0,,2020,ARB,2020-05-29 09:00:00,2020-05-31 18:00:00,57.0,13,13,0,25.0,1000.0,,D,RSMC_New_Delhi_Best_Track
2020-003,3.0,NISARGA,2020,ARB,2020-06-01 00:00:00,2020-06-04 06:00:00,78.0,23,23,23,60.0,984.0,4.0,SCS,RSMC_New_Delhi_Best_Track;MOSDAC_SCORPIO
2020-004,4.0,,2020,BOB,2020-10-11 00:00:00,2020-10-14 06:00:00,78.0,18,18,0,30.0,996.0,2.0,DD,RSMC_New_Delhi_Best_Track
2020-005,5.0,,2020,ARB,2020-10-17 03:00:00,2020-10-18 18:00:00,39.0,9,9,0,25.0,1003.0,1.5,D,RSMC_New_Delhi_Best_Track
2020-006,6.0,,2020,BOB,2020-10-22 03:00:00,2020-10-23 18:00:00,39.0,10,10,0,25.0,998.0,1.5,D,RSMC_New_Delhi_Best_Track
2020-007,7.0,NIVAR,2020,BOB,2020-11-22 21:00:00,2020-11-26 18:00:00,93.0,28,28,28,65.0,982.0,4.0,VSCS,RSMC_New_Delhi_Best_Track;MOSDAC_SCORPIO
2020-008,8.0,GATI,2020,ARB,2020-11-21 18:00:00,2020-11-24 03:00:00,57.0,16,16,16,75.0,976.0,4.5,VSCS,RSMC_New_Delhi_Best_Track;MOSDAC_SCORPIO
2020-009,9.0,BUREVI,2020,BOB,2020-11-30 00:00:00,2020-12-05 03:00:00,123.0,35,35,35,45.0,996.0,3.0,CS,RSMC_New_Delhi_Best_Track;MOSDAC_SCORPIO
2021-001,1.0,,2021,BOB,2021-04-02 00:00:00,2021-04-03 03:00:00,27.0,7,7,0,25.0,1000.0,1.5,D,RSMC_New_Delhi_Best_Track
2021-002,2.0,TAUKTAE,2021,ARB,2021-05-14 03:00:00,2021-05-19 06:00:00,123.0,40,40,40,100.0,950.0,5.5,ESCS,RSMC_New_Delhi_Best_Track;MOSDAC_SCORPIO
2021-003,3.0,YAAS,2021,BOB,2021-05-23 06:00:00,2021-05-27 18:00:00,108.0,31,31,31,75.0,970.0,4.0,VSCS,RSMC_New_Delhi_Best_Track;MOSDAC_SCORPIO
2021-004,4.0,,2021,BOB,2021-09-12 12:00:00,2021-09-14 18:00:00,54.0,12,12,0,30.0,990.0,2.0,DD,RSMC_New_Delhi_Best_Track
2021-005,5.0,GULAB,2021,BOB,2021-09-24 12:00:00,2021-09-28 03:00:00,87.0,24,24,24,45.0,992.0,3.0,CS,RSMC_New_Delhi_Best_Track;MOSDAC_SCORPIO
2021-006,6.0,SHAHEEN,2021,ARB,2021-09-30 00:00:00,2021-10-04 06:00:00,102.0,32,32,32,60.0,984.0,3.5,SCS,RSMC_New_Delhi_Best_Track;MOSDAC_SCORPIO
2021-007,7.0,,2021,ARB,2021-10-07 03:00:00,2021-10-08 18:00:00,39.0,9,9,0,25.0,1002.0,1.5,D,RSMC_New_Delhi_Best_Track
2021-008,8.0,,2021,BOB,2021-11-10 12:00:00,2021-11-11 18:00:00,30.0,7,7,0,25.0,1000.0,1.5,D,RSMC_New_Delhi_Best_Track
2021-009,9.0,,2021,BOB,2021-11-18 03:00:00,2021-11-19 03:00:00,24.0,6,6,0,25.0,1000.0,1.5,D,RSMC_New_Delhi_Best_Track
2021-010,10.0,JAWAD,2021,BOB,2021-12-02 12:00:00,2021-12-05 18:00:00,78.0,22,22,22,40.0,1000.0,2.5,CS,RSMC_New_Delhi_Best_Track;MOSDAC_SCORPIO
2022-001,1.0,,2022,BOB,2022-03-03 00:00:00,2022-03-06 00:00:00,72.0,16,16,0,30.0,1002.0,2.0,DD,RSMC_New_Delhi_Best_Track
2022-002,2.0,,2022,BOB,2022-03-20 00:00:00,2022-03-23 00:00:00,72.0,17,17,0,30.0,1000.0,2.0,DD,RSMC_New_Delhi_Best_Track
2022-003,3.0,ASANI,2022,BOB,2022-05-07 06:00:00,2022-05-12 00:00:00,114.0,35,35,35,55.0,982.0,3.5,SCS,RSMC_New_Delhi_Best_Track;MOSDAC_SCORPIO
2022-004,4.0,,2022,BOB,2022-05-20 03:00:00,2022-05-20 18:00:00,15.0,5,5,0,25.0,998.0,1.5,D,RSMC_New_Delhi_Best_Track
2022-005,5.0,,2022,ARB,2022-07-16 03:00:00,2022-07-17 18:00:00,39.0,9,9,0,25.0,992.0,1.5,D,RSMC_New_Delhi_Best_Track
2022-006,6.0,,2022,LAND,2022-08-09 03:00:00,2022-08-09 18:00:00,15.0,4,4,0,25.0,990.0,,D,RSMC_New_Delhi_Best_Track
2022-007,7.0,,2022,ARB,2022-08-12 03:00:00,2022-08-13 06:00:00,27.0,7,7,0,25.0,990.0,1.5,D,RSMC_New_Delhi_Best_Track
2022-008,8.0,,2022,BOB,2022-08-14 03:00:00,2022-08-16 06:00:00,51.0,12,12,0,25.0,994.0,1.5,D,RSMC_New_Delhi_Best_Track
2022-009,9.0,,2022,BOB,2022-08-19 00:00:00,2022-08-23 00:00:00,96.0,22,22,0,30.0,992.0,2.0,DD,RSMC_New_Delhi_Best_Track
2022-010,10.0,,2022,LAND,2022-09-11 00:00:00,2022-09-12 00:00:00,24.0,6,6,0,25.0,998.0,,D,RSMC_New_Delhi_Best_Track
2022-011,11.0,SITRANG,2022,BOB,2022-10-22 03:00:00,2022-10-25 00:00:00,69.0,20,20,12,45.0,996.0,3.0,CS,RSMC_New_Delhi_Best_Track;MOSDAC_SCORPIO
2022-012,12.0,,2022,BOB,2022-11-20 00:00:00,2022-11-22 00:00:00,48.0,11,11,0,25.0,1003.0,1.5,D,RSMC_New_Delhi_Best_Track
2022-013,13.0,MANDOUS,2022,BOB,2022-12-06 12:00:00,2022-12-10 06:00:00,90.0,27,27,0,50.0,990.0,3.0,SCS,RSMC_New_Delhi_Best_Track
2022-014,14.0,,2022,ARB,2022-12-14 09:00:00,2022-12-17 06:00:00,69.0,15,15,0,30.0,1000.0,2.0,DD,RSMC_New_Delhi_Best_Track
2022-015,15.0,,2022,BOB,2022-12-22 03:00:00,2022-12-25 06:00:00,75.0,17,17,0,25.0,1004.0,1.5,D,RSMC_New_Delhi_Best_Track
,,SITRANG,2022,,2022-10-21 18:00:00,2022-10-26 06:00:00,108.0,7,0,7,35.0,,,,MOSDAC_SCORPIO
2023-001,1.0,,2023,BOB,2023-01-30 03:00:00,2023-02-02 12:00:00,81.0,18,18,0,25.0,1004.0,1.5,D,RSMC_New_Delhi_Best_Track
2023-002,2.0,MOCHA,2023,BOB,2023-05-09 12:00:00,2023-05-15 00:00:00,132.0,40,40,22,115.0,938.0,6.0,ESCS,RSMC_New_Delhi_Best_Track;MOSDAC_SCORPIO
2023-003,3.0,BIPARJOY,2023,ARB,2023-06-06 00:00:00,2023-06-19 00:00:00,312.0,97,97,43,90.0,958.0,5.0,ESCS,RSMC_New_Delhi_Best_Track;MOSDAC_SCORPIO
2023-004,4.0,,2023,BOB,2023-08-01 00:00:00,2023-08-03 06:00:00,54.0,13,13,0,30.0,988.0,2.0,DD,RSMC_New_Delhi_Best_Track
2023-005,5.0,,2023,ARB,2023-09-30 03:00:00,2023-10-01 00:00:00,21.0,5,5,0,25.0,1002.0,1.5,D,RSMC_New_Delhi_Best_Track
2023-006,6.0,TEJ,2023,ARB,2023-10-20 03:00:00,2023-10-24 12:00:00,105.0,33,33,18,95.0,964.0,5.0,ESCS,RSMC_New_Delhi_Best_Track;MOSDAC_SCORPIO
2023-007,7.0,HAMOON,2023,BOB,2023-10-21 18:00:00,2023-10-25 21:00:00,99.0,29,29,15,65.0,984.0,4.0,VSCS,RSMC_New_Delhi_Best_Track;MOSDAC_SCORPIO
2023-008,8.0,MIDHILI,2023,BOB,2023-11-15 03:00:00,2023-11-18 00:00:00,69.0,17,17,12,50.0,996.0,3.0,SCS,RSMC_New_Delhi_Best_Track;MOSDAC_SCORPIO
2023-009,9.0,MICHAUNG,2023,BOB,2023-12-01 00:00:00,2023-12-06 00:00:00,120.0,33,33,18,55.0,986.0,3.5,SCS,RSMC_New_Delhi_Best_Track;MOSDAC_SCORPIO
,,BIPARJOY,2023,,2023-06-05 00:00:00,2023-06-05 18:00:00,18.0,4,0,4,30.0,,,,MOSDAC_SCORPIO
,,HAMOON,2023,,2023-10-20 18:00:00,2023-10-25 18:00:00,120.0,6,0,6,25.0,,,,MOSDAC_SCORPIO
,,MICHAUNG,2023,,2023-11-30 06:00:00,2023-12-02 00:00:00,42.0,4,0,4,25.0,,,,MOSDAC_SCORPIO
,,MIDHILI,2023,,2023-11-14 18:00:00,2023-11-19 00:00:00,102.0,6,0,6,30.0,,,,MOSDAC_SCORPIO
,,MOCHA,2023,,2023-05-08 00:00:00,2023-05-09 06:00:00,30.0,6,0,6,25.0,,,,MOSDAC_SCORPIO
,,TEJ,2023,,2023-10-18 00:00:00,2023-10-25 18:00:00,186.0,14,0,14,45.0,,,,MOSDAC_SCORPIO
2024-001,1.0,REMAL,2024,BOB,2024-05-24 00:00:00,2024-05-28 06:00:00,102.0,30,30,14,60.0,978.0,3.5,SCS,RSMC_New_Delhi_Best_Track;MOSDAC_SCORPIO
2024-002,2.0,,2024,BOB,2024-07-19 03:00:00,2024-07-20 06:00:00,27.0,7,7,0,25.0,990.0,1.5,D,RSMC_New_Delhi_Best_Track
2024-003,3.0,,2024,LAND,2024-08-02 12:00:00,2024-08-05 18:00:00,78.0,17,17,0,30.0,988.0,,DD,RSMC_New_Delhi_Best_Track
2024-004,4.0,ASNA,2024,LAND,2024-08-25 00:00:00,2024-09-02 03:00:00,195.0,49,49,25,40.0,990.0,2.5,CS,RSMC_New_Delhi_Best_Track;MOSDAC_SCORPIO
2024-005,5.0,,2024,BOB,2024-08-31 00:00:00,2024-09-02 06:00:00,54.0,13,13,0,25.0,996.0,1.5,D,RSMC_New_Delhi_Best_Track
2024-006,6.0,,2024,BOB,2024-09-08 00:00:00,2024-09-10 06:00:00,54.0,13,13,0,30.0,991.0,1.5,DD,RSMC_New_Delhi_Best_Track
2024-007,7.0,,2024,LAND,2024-09-11 03:00:00,2024-09-13 00:00:00,45.0,10,10,0,25.0,994.0,,D,RSMC_New_Delhi_Best_Track
2024-008,8.0,,2024,BOB,2024-09-13 12:00:00,2024-09-17 18:00:00,102.0,22,22,0,30.0,989.0,1.5,DD,RSMC_New_Delhi_Best_Track
2024-009,9.0,,2024,ARB,2024-10-13 12:00:00,2024-10-15 12:00:00,48.0,11,11,0,25.0,1001.0,1.5,D,RSMC_New_Delhi_Best_Track
2024-010,10.0,,2024,BOB,2024-10-15 12:00:00,2024-10-16 18:00:00,30.0,7,7,0,25.0,1000.0,1.5,D,RSMC_New_Delhi_Best_Track
2024-011,11.0,DANA,2024,BOB,2024-10-22 00:00:00,2024-10-25 18:00:00,90.0,27,27,9,60.0,986.0,3.5,SCS,RSMC_New_Delhi_Best_Track;MOSDAC_SCORPIO
2024-012,12.0,FENGAL,2024,BOB,2024-11-25 03:00:00,2024-12-01 18:00:00,159.0,40,40,9,45.0,996.0,3.0,CS,RSMC_New_Delhi_Best_Track;MOSDAC_SCORPIO
2024-013,13.0,,2024,BOB,2024-12-20 12:00:00,2024-12-21 06:00:00,18.0,5,5,0,25.0,1002.0,1.5,D,RSMC_New_Delhi_Best_Track
,,REMAL,2024,,2024-05-23 12:00:00,2024-05-23 18:00:00,6.0,2,0,2,20.0,,,,MOSDAC_SCORPIO
2025-001,1.0,,2025,ARB,2025-05-24 00:00:00,2025-05-24 18:00:00,18.0,5,5,0,25.0,998.0,1.5,D,RSMC_New_Delhi_Best_Track
2025-002,2.0,,2025,BOB,2025-05-29 00:00:00,2025-05-30 06:00:00,30.0,8,8,0,30.0,986.0,2.0,DD,RSMC_New_Delhi_Best_Track
2025-003,3.0,,2025,LAND,2025-07-14 06:00:00,2025-07-15 00:00:00,18.0,4,4,0,20.0,996.0,,D,RSMC_New_Delhi_Best_Track
2025-004,4.0,,2025,LAND,2025-07-15 03:00:00,2025-07-15 18:00:00,15.0,4,4,0,20.0,993.0,,D,RSMC_New_Delhi_Best_Track
2025-005,5.0,,2025,LAND,2025-07-17 00:00:00,2025-07-19 18:00:00,66.0,15,15,0,25.0,993.0,,D,RSMC_New_Delhi_Best_Track
2025-006,6.0,,2025,BOB,2025-07-25 00:00:00,2025-07-26 18:00:00,42.0,10,10,0,25.0,988.0,1.5,D,RSMC_New_Delhi_Best_Track
2025-007,7.0,,2025,BOB,2025-08-18 12:00:00,2025-08-19 06:00:00,18.0,5,5,0,20.0,996.0,1.5,D,RSMC_New_Delhi_Best_Track
2025-008,8.0,,2025,LAND,2025-09-06 18:00:00,2025-09-10 18:00:00,96.0,21,21,0,30.0,995.0,1.5,DD,RSMC_New_Delhi_Best_Track
2025-009,9.0,,2025,BOB,2025-09-26 12:00:00,2025-09-28 00:00:00,36.0,8,8,0,25.0,998.0,1.5,D,RSMC_New_Delhi_Best_Track
2025-010,10.0,,2025,BOB,2025-10-01 06:00:00,2025-10-03 06:00:00,48.0,11,11,0,30.0,995.0,2.0,DD,RSMC_New_Delhi_Best_Track
2025-011,11.0,SHAKHTI,2025,ARB,2025-10-01 12:00:00,2025-10-07 06:00:00,138.0,41,41,19,60.0,986.0,3.5,SCS,RSMC_New_Delhi_Best_Track;MOSDAC_SCORPIO
2025-012,12.0,,2025,ARB,2025-10-22 00:00:00,2025-10-31 18:00:00,234.0,50,50,0,25.0,1000.0,1.5,D,RSMC_New_Delhi_Best_Track
2025-013,13.0,MONTHA,2025,BOB,2025-10-25 00:00:00,2025-10-29 18:00:00,114.0,32,32,20,50.0,990.0,3.0,SCS,RSMC_New_Delhi_Best_Track;MOSDAC_SCORPIO
2025-014,14.0,SENYAR,2025,BOB,2025-11-25 03:00:00,2025-11-27 15:00:00,60.0,17,17,10,40.0,999.0,2.5,CS,RSMC_New_Delhi_Best_Track;MOSDAC_SCORPIO
2025-015,15.0,DITWAH,2025,BOB,2025-11-26 18:00:00,2025-12-02 18:00:00,144.0,41,41,0,40.0,1000.0,2.5,CS,RSMC_New_Delhi_Best_Track
,,DITWAH,2025,,2025-10-23 12:00:00,2025-10-29 12:00:00,144.0,26,0,26,110.0,,,,MOSDAC_SCORPIO
,,MONTHA,2025,,2025-10-23 12:00:00,2025-10-24 18:00:00,30.0,6,0,6,25.0,,,,MOSDAC_SCORPIO
,,SENYAR,2025,,2025-11-25 00:00:00,2025-11-29 06:00:00,102.0,8,0,8,40.0,,,,MOSDAC_SCORPIO
,,SHAKHTI,2025,,2025-09-30 00:00:00,2025-10-01 06:00:00,30.0,6,0,6,25.0,,,,MOSDAC_SCORPIO
2026-001,1.0,,2026,BOB,2026-01-07 03:00:00,2026-01-10 12:00:00,81.0,18,18,0,30.0,1004.0,2.0,DD,RSMC_New_Delhi_Best_Track
