storm_name,imd_storm_id,image_filename,image_datetime_utc,satellite,sensor,channel_band,geographic_description,preprocessing,enhancement,segmentation_method,status,pipeline_used,original_resolution_px,working_resolution_px,full_cloud_shield_area_px,full_cloud_shield_equivalent_diameter_px,dense_core_area_px,dense_core_equivalent_diameter_px,dense_core_circularity_0to1,symmetry_score_0to1,storm_center_px,eye_detected,eye_details,storm_touches_frame_edge,pct_storm_boundary_at_frame_edge_or_nodata,structure_assessment,eye_review_note,cloud_cover_pct_of_valid_frame,eye_low_confidence_candidate,segmentation_quality_flag,warm_colored_pct_of_colored_area,cool_colored_pct_of_colored_area,note,heavy_rain_colored_pct_of_colored_area,moderate_rain_colored_pct_of_colored_area,reason
AMPHAN,2020-013,AMPHAN_aqua_modis_2020-05-20_landfall.jpg,2020-05-20T07:30:00Z,Aqua,MODIS,true_color,Bay of Bengal/West Bengal coast - AMPHAN at landfall near Digha India,"bilateral filter, strong (d=13, sigmaColor=100, sigmaSpace=100)","CLAHE on L channel, clipLimit=2.0, tileGridSize=8x8","HSV thresholds, no-data corners excluded",OK,visible,"[7789, 8103]","[1345, 1400]",1180946.5,1226.2,962479.5,1107.0,0.173,0.733,"[777, 546]",False,,True,0.1,"Fairly organized, rounded cloud mass but no clear eye -- consistent with a mature but structurally disrupted system (e.g. at/after landfall).","Human visual review overrode automated candidates -- see original image #1 notebook for full reasoning (soft rotational texture at spiral center, not a sharp clearing; consistent with landfall weakening).",,,,,,,,,
AMPHAN,2020-013,AMPHAN_terra_modis_2020-05-19_pre-landfall.png,2020-05-19T00:00:00Z,Terra,MODIS,true_color,"Bay of Bengal - AMPHAN pre-landfall, approaching West Bengal/Odisha coast","bilateral filter, strong (d=13, sigmaColor=100, sigmaSpace=100)","CLAHE on L channel, clipLimit=2.0, tileGridSize=8x8","HSV thresholds, no-data corners excluded",OK,visible,"[1975, 1975]","[1400, 1400]",304026.0,622.2,252701.0,567.2,0.698,0.925,"[574, 956]",False,,True,0.0,"Fairly organized, rounded cloud mass but no clear eye.",,34.67,"{""mode"": ""bright_core"", ""center_px"": [621.6, 855.9], ""equivalent_diameter_px"": 18.2, ""roundness"": 0.58, ""dist_from_center_px"": 110.8, ""eye_to_core_diameter_ratio"": 0.0321, ""n_candidates_considered"": 4, ""confidence"": ""low""}",ok,,,,,,
ASHOBAA,2015-005,ASHOBAA_terra_modis_2015-06-09.jpg,2015-06-09T06:50:00Z,Terra,MODIS,true_color,Arabian Sea - ASHOBAA dissipating west of Arabian Peninsula,"bilateral filter, strong (d=13, sigmaColor=100, sigmaSpace=100)","CLAHE on L channel, clipLimit=2.0, tileGridSize=8x8","HSV thresholds, no-data corners excluded",OK,visible,"[6400, 8400]","[1066, 1400]",177297.5,475.1,141445.0,424.4,0.211,0.499,"[642, 668]",False,,False,0.0,"Irregular / asymmetric cloud shape, no eye -- consistent with a weaker, developing, or disrupted/dissipating system.",,37.24,"{""mode"": ""dark_core"", ""center_px"": [595.9, 587.9], ""equivalent_diameter_px"": 27.1, ""roundness"": 0.48, ""dist_from_center_px"": 92.4, ""eye_to_core_diameter_ratio"": 0.0639, ""n_candidates_considered"": 5, ""confidence"": ""low""}",ok,,,,,,
BIPARJOY,2023-003,BIPARJOY_iss_camera_2023-06-11_eye.jpg,2023-06-11T00:00:00Z,ISS,Camera,true_color,Arabian Sea - BIPARJOY from International Space Station showing eye structure,"bilateral filter, strong (d=13, sigmaColor=100, sigmaSpace=100)","CLAHE on L channel, clipLimit=2.0, tileGridSize=8x8","HSV thresholds, no-data corners excluded",OK,visible,"[4674, 3116]","[1400, 933]",642595.0,904.5,556914.5,842.1,0.099,0.693,"[787, 466]",False,,True,0.0,"Irregular / asymmetric cloud shape, no eye -- consistent with a weaker, developing, or disrupted/dissipating system.",,58.82,"{""mode"": ""bright_core"", ""center_px"": [696.6, 492.1], ""equivalent_diameter_px"": 15.0, ""roundness"": 0.61, ""dist_from_center_px"": 94.1, ""eye_to_core_diameter_ratio"": 0.0178, ""n_candidates_considered"": 20, ""confidence"": ""low""}",ok,,,,,,
BIPARJOY,2023-003,BIPARJOY_noaa20_viirs_2023-06-14.jpg,2023-06-14T00:00:00Z,NOAA-20,VIIRS,true_color,Arabian Sea - BIPARJOY approaching Gujarat India and Pakistan coast,"bilateral filter, strong (d=13, sigmaColor=100, sigmaSpace=100)","CLAHE on L channel, clipLimit=2.0, tileGridSize=8x8","HSV thresholds, no-data corners excluded",OK,visible,"[2967, 1978]","[1400, 933]",555931.5,841.3,381055.0,696.5,0.182,0.695,"[805, 545]",False,,True,0.0,"Irregular / asymmetric cloud shape, no eye -- consistent with a weaker, developing, or disrupted/dissipating system.",,49.08,"{""mode"": ""bright_core"", ""center_px"": [914.8, 515.3], ""equivalent_diameter_px"": 23.7, ""roundness"": 0.56, ""dist_from_center_px"": 113.7, ""eye_to_core_diameter_ratio"": 0.034, ""n_candidates_considered"": 18, ""confidence"": ""low""}",ok,,,,,,
FANI,2019-003,FANI_aqua_modis_2019-05-02_pre-landfall.jpg,2019-05-02T07:32:00Z,Aqua,MODIS,true_color,Bay of Bengal - FANI approaching Odisha coast India at peak intensity,"bilateral filter, strong (d=13, sigmaColor=100, sigmaSpace=100)","CLAHE on L channel, clipLimit=2.0, tileGridSize=8x8","HSV thresholds, no-data corners excluded",OK,visible,"[4784, 6540]","[1024, 1400]",806627.5,1013.4,662608.0,918.5,0.116,0.74,"[419, 769]",False,,True,0.0,"Fairly organized, rounded cloud mass but no clear eye.",,54.64,"{""mode"": ""dark_core"", ""center_px"": [307.1, 636.8], ""equivalent_diameter_px"": 24.7, ""roundness"": 0.76, ""dist_from_center_px"": 173.2, ""eye_to_core_diameter_ratio"": 0.0269, ""n_candidates_considered"": 27, ""confidence"": ""low""}",ok,,,,,,
HIKAA,2019-006,HIKAA_terra_modis_2019-09-24.jpg,2019-09-24T06:45:00Z,Terra,MODIS,true_color,Arabian Sea - HIKAA approaching Oman coast at Category 1 intensity,"bilateral filter, strong (d=13, sigmaColor=100, sigmaSpace=100)","CLAHE on L channel, clipLimit=2.0, tileGridSize=8x8","HSV thresholds, no-data corners excluded",OK,visible,"[7276, 7176]","[1400, 1380]",146488.0,431.9,51820.5,256.9,0.359,0.753,"[757, 752]",False,,False,0.0,"Fairly organized, rounded cloud mass but no clear eye.",,24.92,"{""mode"": ""dark_core"", ""center_px"": [768.4, 666.0], ""equivalent_diameter_px"": 21.5, ""roundness"": 0.73, ""dist_from_center_px"": 86.8, ""eye_to_core_diameter_ratio"": 0.0837, ""n_candidates_considered"": 3, ""confidence"": ""low""}",ok,,,,,,
HUDHUD,2014-006,HUDHUD_aqua_modis_2014-10-14_post-landfall.jpg,2014-10-14T00:00:00Z,Aqua,MODIS,true_color,Eastern India coast - HUDHUD post-landfall remnants over Andhra Pradesh,"bilateral filter, strong (d=13, sigmaColor=100, sigmaSpace=100)","CLAHE on L channel, clipLimit=2.0, tileGridSize=8x8","HSV thresholds, no-data corners excluded",OK,visible,"[1600, 2100]","[1066, 1400]",610934.5,882.0,551764.0,838.2,0.123,0.764,"[665, 620]",False,,True,0.0,"Fairly organized, rounded cloud mass but no clear eye.",,52.14,"{""mode"": ""dark_core"", ""center_px"": [620.4, 608.4], ""equivalent_diameter_px"": 15.8, ""roundness"": 0.77, ""dist_from_center_px"": 46.1, ""eye_to_core_diameter_ratio"": 0.0189, ""n_candidates_considered"": 31, ""confidence"": ""low""}",ok,,,,,,
HUDHUD,2014-006,HUDHUD_terra_modis_2014-10-12_pre-landfall.jpg,2014-10-12T05:10:00Z,Terra,MODIS,true_color,Bay of Bengal - HUDHUD before landfall near Visakhapatnam Andhra Pradesh India,"bilateral filter, strong (d=13, sigmaColor=100, sigmaSpace=100)","CLAHE on L channel, clipLimit=2.0, tileGridSize=8x8","HSV thresholds, no-data corners excluded",OK,visible,"[1800, 2350]","[1072, 1400]",467406.5,771.4,341552.0,659.5,0.175,0.513,"[507, 694]",False,,True,0.0,"Irregular / asymmetric cloud shape, no eye -- consistent with a weaker, developing, or disrupted/dissipating system.",,38.52,"{""mode"": ""dark_core"", ""center_px"": [593.2, 703.3], ""equivalent_diameter_px"": 13.5, ""roundness"": 0.98, ""dist_from_center_px"": 86.8, ""eye_to_core_diameter_ratio"": 0.0205, ""n_candidates_considered"": 12, ""confidence"": ""low""}",ok,,,,,,
MAHA,2019-008,MAHA_terra_modis_2019-11-04.jpg,2019-11-04T00:00:00Z,Terra,MODIS,true_color,Arabian Sea - MAHA at peak intensity before weakening and dissipating,"bilateral filter, strong (d=13, sigmaColor=100, sigmaSpace=100)","CLAHE on L channel, clipLimit=2.0, tileGridSize=8x8","HSV thresholds, no-data corners excluded",OK,visible,"[5639, 5239]","[1400, 1300]",194906.0,498.2,80276.0,319.7,0.103,0.294,"[686, 470]",False,,False,0.0,"Irregular / asymmetric cloud shape, no eye -- consistent with a weaker, developing, or disrupted/dissipating system.",,29.49,"{""mode"": ""bright_core"", ""center_px"": [674.1, 473.8], ""equivalent_diameter_px"": 13.9, ""roundness"": 0.75, ""dist_from_center_px"": 12.5, ""eye_to_core_diameter_ratio"": 0.0435, ""n_candidates_considered"": 34, ""confidence"": ""low""}",ok,,,,,,
MOCHA,2023-001,MOCHA_aqua_modis_2023-05-14_pre-landfall.png,2023-05-14T07:15:00Z,Aqua,MODIS,true_color,Bay of Bengal - MOCHA at peak intensity before landfall near Myanmar/Bangladesh border,"bilateral filter, strong (d=13, sigmaColor=100, sigmaSpace=100)","CLAHE on L channel, clipLimit=2.0, tileGridSize=8x8","HSV thresholds, no-data corners excluded",OK,visible,"[1896, 1264]","[1400, 933]",813981.5,1018.0,723470.0,959.8,0.107,0.654,"[629, 283]",False,,True,0.0,"Irregular / asymmetric cloud shape, no eye -- consistent with a weaker, developing, or disrupted/dissipating system.",,58.81,"{""mode"": ""bright_core"", ""center_px"": [699.9, 173.7], ""equivalent_diameter_px"": 26.9, ""roundness"": 0.65, ""dist_from_center_px"": 130.2, ""eye_to_core_diameter_ratio"": 0.028, ""n_candidates_considered"": 17, ""confidence"": ""low""}",ok,,,,,,
OCKHI,2017-010,OCKHI_aqua_modis_2017-12-05.jpg,2017-12-05T00:00:00Z,Aqua,MODIS,true_color,Arabian Sea - OCKHI GeoTIFF full-resolution with georeferencing,"bilateral filter, strong (d=13, sigmaColor=100, sigmaSpace=100)","CLAHE on L channel, clipLimit=2.0, tileGridSize=8x8","HSV thresholds, no-data corners excluded",OK,visible,"[7500, 9000]","[1166, 1400]",629915.5,895.6,487054.0,787.5,0.131,0.576,"[580, 735]",False,,True,0.0,"Irregular / asymmetric cloud shape, no eye -- consistent with a weaker, developing, or disrupted/dissipating system.",,42.64,"{""mode"": ""dark_core"", ""center_px"": [581.1, 751.9], ""equivalent_diameter_px"": 18.5, ""roundness"": 0.87, ""dist_from_center_px"": 17.0, ""eye_to_core_diameter_ratio"": 0.0235, ""n_candidates_considered"": 30, ""confidence"": ""low""}",ok,,,,,,
TEJ,2023-006,TEJ_iss_camera_2023-10-20.jpg,2023-10-20T00:00:00Z,ISS,Camera,true_color,Arabian Sea - TEJ from International Space Station showing spiral banding,"bilateral filter, strong (d=13, sigmaColor=100, sigmaSpace=100)","CLAHE on L channel, clipLimit=2.0, tileGridSize=8x8","HSV thresholds, no-data corners excluded",OK,visible,"[5568, 3712]","[1400, 933]",687847.5,935.8,590659.0,867.2,0.273,0.642,"[653, 495]",False,,True,0.0,"Irregular / asymmetric cloud shape, no eye -- consistent with a weaker, developing, or disrupted/dissipating system.",,55.07,"{""mode"": ""bright_core"", ""center_px"": [648.1, 529.2], ""equivalent_diameter_px"": 16.0, ""roundness"": 0.94, ""dist_from_center_px"": 34.5, ""eye_to_core_diameter_ratio"": 0.0185, ""n_candidates_considered"": 29, ""confidence"": ""low""}",ok,,,,,,
TEJ,2023-006,TEJ_noaa20_viirs_2023-10-23.jpg,2023-10-23T10:00:00Z,NOAA-20,VIIRS,true_color,Arabian Sea - TEJ at peak intensity before landfall in Yemen/Oman,"bilateral filter, strong (d=13, sigmaColor=100, sigmaSpace=100)","CLAHE on L channel, clipLimit=2.0, tileGridSize=8x8","HSV thresholds, no-data corners excluded",OK,visible,"[2885, 1923]","[1400, 933]",316802.5,635.1,268800.5,585.0,0.132,0.614,"[879, 452]",False,,True,0.0,"Irregular / asymmetric cloud shape, no eye -- consistent with a weaker, developing, or disrupted/dissipating system.",,30.1,"{""mode"": ""bright_core"", ""center_px"": [866.1, 441.6], ""equivalent_diameter_px"": 23.2, ""roundness"": 0.47, ""dist_from_center_px"": 16.6, ""eye_to_core_diameter_ratio"": 0.0397, ""n_candidates_considered"": 30, ""confidence"": ""low""}",ok,,,,,,
VARDAH,2016-011,VARDAH_terra_modis_2016-12-11_landfall.jpg,2016-12-11T00:00:00Z,Terra,MODIS,true_color,Bay of Bengal - VARDAH at landfall near Chennai Tamil Nadu India,"bilateral filter, strong (d=13, sigmaColor=100, sigmaSpace=100)","CLAHE on L channel, clipLimit=2.0, tileGridSize=8x8","HSV thresholds, no-data corners excluded",OK,visible,"[3855, 2570]","[1400, 933]",287744.0,605.3,254986.5,569.8,0.14,0.705,"[843, 543]",False,,True,0.0,"Fairly organized, rounded cloud mass but no clear eye.",,31.14,"{""mode"": ""bright_core"", ""center_px"": [829.3, 588.4], ""equivalent_diameter_px"": 12.0, ""roundness"": 0.64, ""dist_from_center_px"": 47.4, ""eye_to_core_diameter_ratio"": 0.0211, ""n_candidates_considered"": 21, ""confidence"": ""low""}",ok,,,,,,
YAAS,2021-009,YAAS_terra_modis_2021-05-26_landfall.jpg,2021-05-26T05:30:00Z,Terra,MODIS,true_color,Bay of Bengal - YAAS approaching Odisha/West Bengal coast India,"bilateral filter, strong (d=13, sigmaColor=100, sigmaSpace=100)","CLAHE on L channel, clipLimit=2.0, tileGridSize=8x8","HSV thresholds, no-data corners excluded",OK,visible,"[720, 480]","[720, 480]",163606.5,456.4,159096.5,450.1,0.181,0.716,"[382, 284]",False,,True,0.0,"Fairly organized, rounded cloud mass but no clear eye.",,46.85,"{""mode"": ""bright_core"", ""center_px"": [361.6, 267.2], ""equivalent_diameter_px"": 21.0, ""roundness"": 0.53, ""dist_from_center_px"": 26.4, ""eye_to_core_diameter_ratio"": 0.0467, ""n_candidates_considered"": 16, ""confidence"": ""low""}",ok,,,,,,
OCKHI,2017-010,OCKHI_snpp_viirs_2017-12-04.jpg,2017-12-04T00:00:00Z,Suomi NPP,VIIRS,day_night_band,Arabian Sea/southwestern India - OCKHI at peak intensity crossing Kerala and Tamil Nadu coast,"bilateral filter, strong (d=13, sigmaColor=100, sigmaSpace=100)","CLAHE on L channel, clipLimit=2.0, tileGridSize=8x8","two-scale Otsu threshold, no-data corners excluded",OK,grayscale,"[12000, 12000]","[1400, 1400]",97282.0,351.9,96730.5,350.9,0.462,0.0,"[1399, 1262]",True,"{""mode"": ""dark_core"", ""center_px"": [1394.8, 1269.0], ""equivalent_diameter_px"": 13.5, ""roundness"": 0.67, ""dist_from_center_px"": 8.2, ""eye_to_core_diameter_ratio"": 0.0385, ""n_candidates_considered"": 9, ""confidence"": ""high""}",True,0.0,Segmentation likely clipped at frame border -- shape/symmetry/eye features for this image are unreliable and should not be used for structure assessment.,,5.03,,"storm_center_at_frame_border -- segmented blob is likely a clipped fragment, not the full storm; circularity/symmetry/eye for this row are unreliable",,,,,,
TAUKTAE,2021-006,TAUKTAE_snpp_viirs_2021-05-17.jpg,2021-05-17T00:00:00Z,Suomi NPP,VIIRS,day_night_band,Arabian Sea - TAUKTAE approaching Gujarat India coast,"bilateral filter, strong (d=13, sigmaColor=100, sigmaSpace=100)","CLAHE on L channel, clipLimit=2.0, tileGridSize=8x8","two-scale Otsu threshold, no-data corners excluded",OK,grayscale,"[2561, 2389]","[1400, 1305]",81473.5,322.1,81100.0,321.3,0.627,0.744,"[617, 542]",False,,False,0.0,"Fairly organized, rounded cloud mass but no clear eye.",,4.49,"{""mode"": ""bright_core"", ""center_px"": [621.0, 540.4], ""equivalent_diameter_px"": 12.9, ""roundness"": 0.68, ""dist_from_center_px"": 4.3, ""eye_to_core_diameter_ratio"": 0.0401, ""n_candidates_considered"": 11, ""confidence"": ""low""}",ok,,,,,,
VARDAH,2016-011,VARDAH_snpp_viirs_2016-12-09.jpg,2016-12-09T00:00:00Z,Suomi NPP,VIIRS,day_night_band,Bay of Bengal - VARDAH approaching Tamil Nadu coast India,"bilateral filter, strong (d=13, sigmaColor=100, sigmaSpace=100)","CLAHE on L channel, clipLimit=2.0, tileGridSize=8x8","two-scale Otsu threshold, no-data corners excluded",OK,grayscale,"[5336, 6936]","[1077, 1400]",224843.0,535.1,224036.0,534.1,0.214,0.0,"[852, 1399]",False,,True,0.0,Segmentation likely clipped at frame border -- shape/symmetry/eye features for this image are unreliable and should not be used for structure assessment.,,14.75,"{""mode"": ""bright_core"", ""center_px"": [840.7, 1394.3], ""equivalent_diameter_px"": 14.7, ""roundness"": 0.76, ""dist_from_center_px"": 12.2, ""eye_to_core_diameter_ratio"": 0.0275, ""n_candidates_considered"": 7, ""confidence"": ""low""}","storm_center_at_frame_border -- segmented blob is likely a clipped fragment, not the full storm; circularity/symmetry/eye for this row are unreliable",,,,,,
GATI,2020-017,GATI_snpp_viirs_2020-11-22.jpg,2020-11-22T00:00:00Z,Suomi NPP,VIIRS,infrared,Arabian Sea - GATI approaching Somalia coast as rare intense Arabian Sea cyclone,"bilateral filter, strong (d=13, sigmaColor=100, sigmaSpace=100)","CLAHE on L channel, clipLimit=2.0, tileGridSize=8x8","two-scale Otsu threshold, no-data corners excluded",OK,grayscale,"[2916, 2048]","[1400, 983]",148145.5,434.3,147308.5,433.1,0.38,0.767,"[623, 576]",False,,False,0.0,"Fairly organized, rounded cloud mass but no clear eye.",,10.73,"{""mode"": ""bright_core"", ""center_px"": [657.2, 542.8], ""equivalent_diameter_px"": 19.3, ""roundness"": 0.81, ""dist_from_center_px"": 47.6, ""eye_to_core_diameter_ratio"": 0.0446, ""n_candidates_considered"": 17, ""confidence"": ""low""}",ok,,,,,,
FANI,2019-003,FANI_noaa_crw_2019-05-01_sst.png,2019-05-01T00:00:00Z,NOAA Coral Reef Watch,satellite_composite,SST,Indian Ocean - sea surface temperature anomaly map showing warm water fueling FANI,none (color-hue proxy on raw resized image),n/a,n/a,OK,sst_color_proxy,"[1695, 924]",,,,,,,,,,,,,,,,,,83.78,0.0,"Uncalibrated color-hue proxy (reddish=warm, bluish=cool per typical SST-anomaly colormap convention) -- NOT actual temperature values, no colorbar was available to calibrate.",,,
MAHA,2019-008,Indian_Ocean_SST_anomaly_2019-10-17_MUR.jpg,,multi_source,MUR,,Indian Ocean - SST anomaly October 17 2019 showing warm pool fueling Arabian Sea cyclones,none (color-hue proxy on raw resized image),n/a,n/a,OK,sst_color_proxy,"[1827, 1113]",,,,,,,,,,,,,,,,,,20.0,0.0,"Uncalibrated color-hue proxy (reddish=warm, bluish=cool per typical SST-anomaly colormap convention) -- NOT actual temperature values, no colorbar was available to calibrate.",,,
GATI,2020-017,GATI_gpm_imerg_2020-11-21to23_rainfall.jpg,2020-11-21T00:00:00Z,GPM,IMERG,multi_satellite,Arabian Sea - GATI total rainfall accumulation Nov 21-23 from GPM IMERG,none (color-hue proxy on raw resized image),n/a,n/a,OK,rainfall_color_proxy,"[2489, 1659]",,,,,,,,,,,,,,,,,,,,"Uncalibrated color-hue proxy (red/magenta=heaviest, yellow/green=moderate per typical GPM IMERG colormap convention) -- NOT actual mm values, no colorbar was available to calibrate.",3.48,10.44,
KYARR,,KYARR_MAHA_ibtracs_historical_track_map.png,,,,,,,,,SKIPPED,,,,,,,,,,,,,,,,,,,,,,,,,"Storm-track context map, not raw satellite imagery of the storm -- no actual KYARR satellite photo exists in this dataset (per source JSON notes)."
RSMC_annual_track,,RSMC_annual_best_track_2012.jpg,,,,,,,,,SKIPPED,,,,,,,,,,,,,,,,,,,,,,,,,"Official IMD/RSMC annual all-storms track chart, not a single-storm satellite image -- not applicable to per-storm cloud-structure feature extraction."
RSMC_annual_track,,RSMC_annual_best_track_2013.jpg,,,,,,,,,SKIPPED,,,,,,,,,,,,,,,,,,,,,,,,,"Official IMD/RSMC annual all-storms track chart, not a single-storm satellite image -- not applicable to per-storm cloud-structure feature extraction."
RSMC_annual_track,,RSMC_annual_best_track_2014.jpg,,,,,,,,,SKIPPED,,,,,,,,,,,,,,,,,,,,,,,,,"Official IMD/RSMC annual all-storms track chart, not a single-storm satellite image -- not applicable to per-storm cloud-structure feature extraction."
RSMC_annual_track,,RSMC_annual_best_track_2015.jpg,,,,,,,,,SKIPPED,,,,,,,,,,,,,,,,,,,,,,,,,"Official IMD/RSMC annual all-storms track chart, not a single-storm satellite image -- not applicable to per-storm cloud-structure feature extraction."
RSMC_annual_track,,RSMC_annual_best_track_2016.jpg,,,,,,,,,SKIPPED,,,,,,,,,,,,,,,,,,,,,,,,,"Official IMD/RSMC annual all-storms track chart, not a single-storm satellite image -- not applicable to per-storm cloud-structure feature extraction."
RSMC_annual_track,,RSMC_annual_best_track_2017.jpg,,,,,,,,,SKIPPED,,,,,,,,,,,,,,,,,,,,,,,,,"Official IMD/RSMC annual all-storms track chart, not a single-storm satellite image -- not applicable to per-storm cloud-structure feature extraction."
RSMC_annual_track,,RSMC_annual_best_track_2018.jpg,,,,,,,,,SKIPPED,,,,,,,,,,,,,,,,,,,,,,,,,"Official IMD/RSMC annual all-storms track chart, not a single-storm satellite image -- not applicable to per-storm cloud-structure feature extraction."
RSMC_annual_track,,RSMC_annual_best_track_2019.jpg,,,,,,,,,SKIPPED,,,,,,,,,,,,,,,,,,,,,,,,,"Official IMD/RSMC annual all-storms track chart, not a single-storm satellite image -- not applicable to per-storm cloud-structure feature extraction."
RSMC_annual_track,,RSMC_annual_report_2020.jpg,,,,,,,,,SKIPPED,,,,,,,,,,,,,,,,,,,,,,,,,"Broken download (20-byte file, PDF-vs-image URL mismatch) -- no usable image data."
RSMC_annual_track,,RSMC_annual_report_2021.jpg,,,,,,,,,SKIPPED,,,,,,,,,,,,,,,,,,,,,,,,,"Broken download (20-byte file, PDF-vs-image URL mismatch) -- no usable image data."
RSMC_annual_track,,RSMC_annual_report_2022.jpg,,,,,,,,,SKIPPED,,,,,,,,,,,,,,,,,,,,,,,,,"Broken download (20-byte file, PDF-vs-image URL mismatch) -- no usable image data."
RSMC_annual_track,,RSMC_annual_report_2023.jpg,,,,,,,,,SKIPPED,,,,,,,,,,,,,,,,,,,,,,,,,"Broken download (20-byte file, PDF-vs-image URL mismatch) -- no usable image data."
OCKHI,,OCKHI_aqua_modis_2017-12-05.tif,,,,,,,,,SKIPPED,,,,,,,,,,,,,,,,,,,,,,,,,"Duplicate of OCKHI_aqua_modis_2017-12-05.jpg (same true-color scene, different file format) -- already processed via the .jpg."
